Start Time: 2022-06-14 16:30:25.483711; End Time: 2022-06-15 01:53:13.289435;
Size: 3270; Interval: 10
ask,bid
22707.26218,22548.1
22740.69,22578.71252
22771.09322,22608.74
22777.78675,22613.86
22796.2536,22632.57594
22756.00798,22600.38
22734.05917,22571.54
22729.64319,22565.16193
22742.89114,22578.31398
22719.20541,22556.17044
22707.26218,22542.94293
22700.83893,22540.71
22704.66,22557.98808
22703.3174,22540.23
22667.51832,22540.23
22675.64774,22514.76
22676.46809,22514.14791
22684.47971,22520.32539
22678.15682,22514.04828
22714.48833,22550.63
22713.7263,22551.71097
22700.73856,22544.35
22715.49197,22551.11315
22701.24038,22559.18
22703.04692,22540.99
22720.71086,22556.29426
22726.63229,22562.17282
22719.90795,22559.1
22701.64183,22542.18
22693.51241,22529.2927
22691.70587,22527.49924
22662.60052,22500.39
22639.61732,22475.78777
22654.97291,22491.03219
22624.76356,22461.04153
22610.0,22451.4764
22634.19,22476.6845
22573.14311,22418.07
22583.42637,22432.59
22603.98701,22449.81013
22592.4664,22442.03838
22584.39008,22421.41336
22596.49818,22443.63258
22582.14665,22431.07823
22555.2533,22405.57096
22560.80068,22400.88799
22551.19254,22392.11986
22531.18096,22371.0963
22541.7952,22389.42964
22546.4886,22391.32276
22538.62489,22375.97855
22544.15,22381.6579
22555.08562,22395.50755
22563.16084,22406.76661
22575.7526,22413.34271
22565.55361,22403.57821
22567.22813,22408.73
22577.55441,22418.12532
22551.17017,22388.43327
22540.21729,22377.57275
22527.85268,22374.68325
22548.25894,22392.71769
22571.51986,22413.94053
22582.4508,22423.00757
22597.53753,22437.85
22591.21,22432.77207
22597.78,22441.73947
22575.85929,22412.94415
22588.50493,22425.49851
22592.82051,22429.78294
22593.19397,22425.43458
22602.9,22438.23343
22609.35226,22440.04
22590.32,22427.89489
22609.96,22438.9081
22587.17225,22426.608
22580.84945,22423.02692
22585.75,22432.12374
22580.34,22415.34454
22556.76257,22398.12762
22547.12781,22387.56
22539.78,22376.6951
22536.82,22380.51593
22567.90275,22413.56672
22555.15677,22402.46606
22543.01297,22387.35214
22568.62979,22408.66
22525.04817,22369.68
22516.41704,22356.31
22506.28048,22346.26
22500.18615,22337.81728
22485.43289,22323.17053
22508.62,22357.9175
22505.33126,22342.4738
22480.22,22319.05917
22483.88,22323.24391
22491.14999,22332.74
22486.13184,22322.82998
22506.70626,22343.69976
22529.71953,22366.68553
22507.33852,22344.46654
22520.38575,22357.41932
22526.809,22363.79607
22507.33852,22344.46654
22513.9625,22351.04256
22526.70863,22363.69643
22516.37122,22353.43385
22529.01699,22365.98808
22517.87667,22354.9284
22523.09556,22360.10951
22523.49701,22360.50806
22547.48383,22387.06
22565.24813,22401.95694
22546.37984,22383.22523
22540.65913,22377.54594
22528.81626,22368.48
22533.83443,22376.9
22512.78,22350.84329
22521.29,22358.41568
22529.92026,22366.88481
22528.91663,22365.88844
22515.36758,22353.52
22517.07376,22354.1313
22507.73997,22345.0
22514.66,22353.0353
22529.92026,22366.88481
22545.57693,22382.42814
22542.26494,22379.14013
22548.18638,22385.92
22534.53697,22372.61
22527.71227,22367.82
22531.7268,22368.67827
22525.00246,22364.27
22521.28902,22362.42
22531.42571,22368.37936
22519.38212,22364.35
22517.37485,22354.43021
22517.79,22356.0244
22511.25269,22349.71
22544.27221,22381.13286
22541.16095,22378.04412
22534.63733,22371.56773
22543.08,22381.33214
22543.08,22387.40998
22540.85986,22377.74521
22541.75,22379.43904
22535.5406,22372.46446
22547.48383,22384.32124
22529.61917,22366.5859
22559.62779,22396.37728
22558.72452,22402.53
22570.76811,22407.43696
22585.82,22423.67775
22585.0197,22421.58538
22572.1732,22410.93
22577.41,22423.2792
22586.72588,22425.73
22589.13459,22425.67049
22579.09827,22421.15
22560.22997,22397.52
22547.18274,22386.87
22542.16458,22384.24
22542.56603,22380.67
22538.75223,22379.11
22519.58284,22356.62222
22532.83079,22369.77427
22519.6,22357.22004
22524.29992,22361.30515
22514.16322,22353.75
22518.53,22358.51532
22511.45342,22348.55165
22551.81,22392.49145
22545.78,22385.61652
22539.85622,22378.91
22539.45477,22377.7
22526.00609,22362.99897
22557.92,22400.86094
22557.92,22409.33006
22575.93,22413.61444
22569.06194,22409.13
22577.47,22416.40427
22573.57829,22410.22679
22565.54922,22405.35
22551.69909,22388.50598
22515.26722,22387.91
22507.33852,22349.75
22494.69275,22331.91231
22487.56696,22324.8381
22498.1051,22335.29996
22489.77495,22327.03011
22497.8,22337.39233
22491.48112,22329.11
22494.69275,22331.91231
22492.68548,22331.84
22520.12,22360.10951
22506.19,22345.164
22514.46431,22351.54075
22517.47521,22354.52985
22557.55,22398.66893
22552.60236,22389.40271
22543.4693,22380.33577
22564.14414,22400.86094
22563.44159,22401.89
22546.07875,22382.92632
22525.90573,22369.27
22557.4198,22394.76
22564.54,22404.74677
22568.56012,22405.24495
22579.09827,22415.70681
22565.54922,22406.33
22587.04,22428.16
22572.87574,22419.81
22564.84668,22423.04
22579.19863,22416.91
22589.53605,22426.06903
22595.65821,22432.14687
22587.72951,22429.45
22571.97247,22408.6326
22569.56376,22406.24132
22588.93,22427.56358
22590.94113,22432.56
22607.80216,22444.20292
22606.26,22444.00365
22628.3,22465.22627
22638.11188,22479.17
22663.2027,22499.2024
22651.25947,22492.14
22678.05646,22513.94864
22659.28853,22497.96451
22672.53648,22508.46862
22661.29579,22502.3
22675.14593,22512.3
22676.45065,22512.35445
22658.98744,22502.08
22654.47109,22491.63
22654.37073,22493.68
22653.86891,22489.93619
22651.96201,22488.04309
22653.16637,22489.23873
22641.72495,22483.45
22653.73,22490.43437
22641.3235,22485.23
22639.61732,22485.23
22649.85438,22488.17
22621.25084,22466.21
22618.54104,22460.81
22625.76719,22462.13
22639.87,22480.1
22663.40342,22502.57
22676.35029,22516.36
22675.14593,22516.53
22635.57,22476.48523
22627.3,22467.71719
22643.83258,22480.31
22647.48,22484.35653
22647.3453,22484.96
22629.88209,22466.123
22627.96,22470.00884
22629.78172,22466.02337
22609.80943,22450.69
22618.41,22455.2626
22624.76356,22461.04153
22630.83,22468.8132
22630.83,22482.6627
22651.87,22489.53764
22648.65002,22484.75507
22658.48562,22494.51948
22654.67182,22490.73328
22653.46746,22497.91
22665.65832,22508.36898
22660.49517,22498.70422
22667.42085,22510.26208
22690.64429,22533.97563
22704.05055,22542.72
22710.35847,22552.24
22703.50138,22544.53712
22720.61049,22564.08
22726.83073,22566.1
22713.85552,22557.83
22715.59233,22556.99
22715.54212,22551.8106
22683.97789,22520.08
22660.09143,22498.2
22664.2,22505.28024
22660.89434,22496.91076
22637.5097,22473.6954
22631.85,22468.31501
22631.59205,22471.30411
22643.2304,22479.37469
22664.25,22506.70546
22682.44189,22515.11
22682.64262,22526.44
22691.27384,22526.84
22689.36694,22527.28
22676.31975,22513.79
22670.2,22503.71404
22669.39763,22504.31417
22661.29,22500.49768
22657.55115,22498.80386
22640.59052,22480.12
22667.28708,22503.13
22667.88926,22506.59
22659.96058,22501.25
22671.10087,22508.6
22687.56041,22527.9
22705.2243,22547.04
22696.7938,22540.47
22719.29,22558.27
22730.05,22562.45112
22754.50253,22585.48825
22743.66333,22586.66
22733.02485,22578.37
22750.38765,22590.64
22741.15425,22587.48
22728.60888,22570.16
22713.03,22552.70733
22732.05191,22567.55321
22753.42929,22591.43
22761.75944,22599.55
22764.97106,22607.35
22775.8103,22612.75
22761.25762,22596.96
22727.03374,22562.57137
22721.67,22557.58953
22738.58,22574.9
22729.44246,22564.96265
22721.71449,22557.29062
22713.88615,22549.51896
22709.97198,22545.63312
22708.76763,22544.43748
22715.35,22551.71097
22702.74583,22538.45928
22715.45,22558.48626
22706.86072,22542.54439
22704.62,22544.53712
22726.83302,22564.86
22730.145,22565.66011
22718.76,22559.21
22700.36,22540.55165
22702.6,22540.13
22712.64,22559.28336
22716.59596,22552.20915
22707.85,22545.93203
22699.5342,22535.2709
22690.40114,22526.20396
22701.61,22549.41932
22705.19763,22541.64765
22720.17,22562.87028
22707.88,22547.26
22691.67,22532.68035
22689.59824,22525.40687
22675.54738,22516.78
22690.64,22533.07889
22690.64,22538.55892
22702.21,22544.93567
22701.03965,22536.76545
22695.12,22546.33058
22714.1,22551.71097
22713.07,22551.21278
22713.07,22556.39389
22726.63229,22562.17282
22712.99,22556.99171
22726.86,22564.16556
22723.62139,22568.24
22740.78351,22576.2216
22742.79078,22578.21434
22748.51148,22583.89363
22726.93338,22562.47173
22715.24,22554.99898
22713.58506,22553.02
22707.36254,22543.04257
22689.19679,22531.85
22683.07463,22518.93048
22688.69497,22526.25
22685.48334,22521.32176
22659.65949,22507.37
22631.45748,22464.18956
22619.41392,22453.98
22584.18651,22424.82
22565.61935,22399.1367
22561.09,22400.11813
22553.87688,22389.83965
22565.59,22406.81669
22594.82498,22429.5152
22551.46816,22388.38172
22547.05219,22386.34
22560.8,22401.25948
22564.74632,22401.45876
22563.91318,22403.69421
22559.4972,22404.69
22536.01226,22379.11
22535.10899,22375.8247
22529.89012,22368.64
22520.05454,22358.93
22503.19356,22337.8125
22470.37485,22308.81
22492.35435,22328.9661
22503.59,22350.84329
22460.97069,22298.43436
22474.11828,22311.48678
22500.91527,22343.43
22506.43525,22343.98
22477.93208,22315.27297
22488.97204,22329.11
22486.48,22330.61703
22473.61646,22313.77
22483.52241,22316.74763
22469.27086,22308.2273
22453.04199,22293.69
22474.319,22311.68605
22480.84262,22318.16244
22482.92023,22323.0
22472.7,22311.58641
22463.95162,22310.79
22457.2273,22293.3154
22457.92984,22294.38871
22466.83,22316.70862
22483.95388,22324.46
22494.19093,22341.36
22469.30084,22309.7
22488.36986,22329.81
22485.96114,22327.18
22473.01428,22320.56
22464.18231,22305.85866
22456.75543,22303.29
22456.81,22297.438
22407.07561,22246.12171
22435.07696,22272.72808
22414.10104,22257.2
22425.24136,22267.8698
22425.34172,22274.08499
22452.23908,22289.76597
22459.52,22307.89985
22445.21365,22282.79139
22449.83036,22287.37469
22440.39621,22278.00883
22461.32,22304.71148
22436.58241,22274.22263
22416.28,22256.07
22441.39985,22284.75
22474.82082,22313.45204
22476.62736,22314.76516
22481.36,22324.8381
22476.48,22323.7421
22480.74225,22318.0628
22480.44116,22317.76389
22452.7409,22292.77571
22447.49,22290.36379
22448.81,22286.8765
22438.38895,22279.4643
22398.94618,22236.85886
22392.42257,22230.38247
22392.52293,22230.4821
22439.09149,22276.71355
22412.2945,22253.34
22408.78178,22246.62326
22426.94754,22264.65751
22451.23545,22288.7696
22446.21729,22283.78776
22457.99,22301.02492
22478.88,22316.86716
22483.55242,22320.85263
22491.2804,22333.28
22468.86028,22307.2024
22443.60784,22286.06869
22442.60421,22284.96662
22447.75,22289.06851
22442.27,22282.73953
22449.78,22288.56184
22438.28859,22276.98886
22441.19912,22287.23479
22455.03,22298.6174
22469.70229,22308.79671
22464.08195,22303.0226
22477.44,22315.0737
22480.3408,22323.62905
22468.19684,22311.20123
22456.45434,22302.81719
22443.02,22289.93704
22434.27405,22279.86266
22442.9053,22287.2165
22445.9162,22285.95532
22434.47478,22275.17006
22449.62964,22288.42573
22451.73727,22289.98043
22455.81,22304.12969
22464.68413,22310.08383
22459.36487,22309.07
22474.51973,22315.02826
22479.03608,22316.36898
22467.4943,22307.42148
22476.32,22317.56462
22478.4339,22318.27692
22478.43,22319.80652
22470.60556,22313.03215
22459.86669,22303.13563
22458.6,22301.62274
22475.72409,22319.1304
22464.58377,22308.83704
22470.20411,22312.73441
22450.13145,22293.80119
22445.01293,22288.02464
22447.8231,22289.53394
22440.79767,22283.16845
22456.75543,22294.78829
22461.37214,22306.96847
22450.03109,22296.9825
22455.85216,22293.35289
22461.17141,22300.36436
22470.90665,22316.41785
22460.76996,22306.23424
22454.84853,22297.24328
22470.5052,22307.89985
22453.04199,22297.15586
22461.52,22305.51487
22469.80266,22310.83034
22476.26,22316.68688
22456.75543,22302.65812
22439.09149,22285.22176
22452.03836,22292.60978
22433.97297,22276.13782
22442.20275,22281.42
22431.9657,22275.77359
22402.25817,22252.58637
22410.38759,22255.08121
22422.1301,22261.01547
22442.50384,22282.75
22443.44,22282.69176
22429.35625,22272.52589
22415.50612,22258.90803
22452.06632,22292.75507
22466.27747,22305.50857
22469.20048,22309.53393
22468.5983,22311.48019
22491.1,22337.39233
22496.90074,22353.31
22504.02653,22342.70235
22488.47023,22332.27922
22488.82283,22327.22938
22501.9189,22339.35313
22506.33489,22353.23171
22496.70001,22333.90504
22476.82809,22319.94075
22474.41937,22315.92544
22483.95388,22323.45435
22472.81355,22319.16134
22469.50157,22309.09643
22469.95,22321.3027
22490.1764,22334.2827
22481.14371,22326.19221
22474.82082,22317.18842
22466.49067,22307.52191
22471.09665,22316.66789
22485.2586,22322.54646
22459.06378,22296.86026
22470.80629,22308.64
22472.11101,22315.14
22470.03838,22307.50131
22472.51246,22309.89259
22471.53,22310.59005
22493.08,22330.71667
22489.07241,22329.4
22502.18,22340.18216
22484.83,22325.73483
22494.66,22341.27816
22516.65,22354.33058
22508.3481,22350.34511
22514.65,22360.10951
22514.56468,22351.64039
22487.56696,22330.55447
22500.91527,22338.08979
22510.44978,22347.55528
22507.03743,22344.16763
22517.98,22355.62586
22495.99747,22336.77751
22491.63855,22331.91231
22504.67102,22342.17489
22492.68548,22332.341
22507.71,22345.56254
22502.72181,22343.89441
22508.04106,22345.164
22488.77132,22326.03374
22477.93208,22317.59324
22456.45434,22303.84028
22454.54744,22292.05761
22450.03109,22287.57396
22455.24938,22294.24962
22463.85,22303.01765
22455.04925,22292.5558
22471.20774,22308.59731
22475.32264,22312.68242
22445.71547,22283.28958
22427.65008,22270.02873
22429.85807,22271.79903
22442.62,22284.18631
22444.00929,22286.19
22477.63099,22321.51
22460.16778,22305.25
22470.40484,22310.83
22477.73135,22317.51391
22463.07832,22305.97698
22474.82082,22312.18423
22485.15824,22330.13
22475.22227,22318.60603
22465.98885,22313.22428
22462.07468,22299.53037
22473.11464,22311.80669
22471.20774,22309.84131
22460.06742,22299.99583
22460.56923,22299.4079
22462.9,22313.28024
22462.9,22334.40323
22502.01927,22342.39229
22505.11,22344.96472
22500.61418,22339.97
22511.32636,22352.47625
22498.88144,22345.79
22498.58035,22341.27
22507.71331,22351.33288
22509.6202,22347.18323
22522.05,22365.21767
22510.62382,22354.18924
22501.49085,22346.29527
22500.48723,22348.31256
22497.77745,22341.15
22475.49703,22321.72092
22475.69776,22320.42487
22468.97348,22310.19829
22483.8271,22326.16081
22482.62275,22324.95682
22493.23,22333.02333
22490.14992,22333.82718
22510.72418,22350.42
22503.69882,22345.48
22505.70607,22350.17
22504.80281,22345.10534
22515.84266,22353.36077
22523.93,22370.73201
22533.90786,22378.49
22533.10497,22375.61253
22531.59953,22378.38251
22516.04338,22356.92056
22546.25242,22385.19559
22552.87633,22392.77383
22546.65387,22385.86378
22542.13757,22380.24
22538.82561,22382.10842
22536.41692,22380.49024
22530.19446,22376.16972
22538.72525,22378.66499
22540.93322,22382.82386
22546.45315,22387.62663
22546.95496,22390.09066
22529.89337,22374.9419
22545.1,22383.2521
22537.21982,22377.53679
22538.12308,22378.09018
22538.62489,22381.70359
22514.33722,22361.19327
22493.76296,22339.04688
22515.14012,22352.66331
22497.77745,22346.77773
22505.20426,22349.76734
22497.97818,22345.36425
22528.68903,22366.11441
22534.40967,22376.50114
22525.07598,22366.38295
22518.45208,22364.32067
22510.4231,22353.95743
22496.77383,22339.67804
22511.92853,22350.46
22505.1039,22345.09941
22499.18252,22339.46198
22500.78832,22342.29807
22484.42927,22330.01
22489.64811,22330.65
22478.80899,22320.52853
22469.27457,22311.76
22475.29631,22313.73131
22483.22492,22328.59
22497.376,22336.58
22519.4557,22356.94773
22522.3662,22359.83723
22546.39163,22388.13435
22548.36003,22390.98
22579.17124,22416.2322
22557.09154,22399.58
22571.64,22412.44597
22573.14951,22413.66
22578.44,22416.83003
22563.61509,22400.96784
22551.67198,22389.34506
22547.95858,22385.24486
22524.27309,22366.99011
22541.53539,22379.93817
22523.26946,22363.9
22519.65642,22359.88
22498.9818,22341.23711
22493.06043,22331.3288
22494.36513,22332.03829
22483.42565,22324.96806
22479.51152,22322.35938
22477.60464,22315.39879
22450.90828,22289.6
22435.56,22278.13426
22435.25177,22273.35165
22425.86,22265.44779
22429.83221,22269.45311
22427.91,22270.96034
22427.91,22282.81724
22436.45611,22278.05717
22441.67495,22279.72847
22460.27,22300.15421
22477.20319,22316.02427
22477.50428,22315.29915
22473.89123,22311.71219
22472.42,22317.2919
22482.42203,22320.1814
22489.54775,22327.25568
22506.00716,22343.59627
22512.87,22364.91875
22524.57417,22367.47725
22539.72887,22377.07456
22537.32018,22374.68325
22536.51728,22375.43044
22596.53391,22434.88868
22612.69223,22456.45311
22594.4263,22431.37714
22589.1071,22426.22207
22582.28247,22428.17
22608.97883,22446.20547
22566.72632,22409.79157
22573.85204,22413.60993
22578.76979,22419.1
22586.52186,22426.67
22577.86653,22417.94
22564.21726,22411.79
22574.55458,22414.74
22570.84117,22408.15
22565.62234,22411.25
22574.9033,22413.44234
22579.17124,22422.28
22611.56128,22450.40795
22596.33319,22433.76877
22614.29803,22451.48
22596.73464,22434.51426
22600.24731,22447.83
22607.67412,22448.86
22608.57738,22451.56
22627.54895,22471.13261
22634.16976,22470.83369
22623.83244,22468.63
22629.23,22475.51667
22630.25563,22466.94782
22609.48064,22458.04
22623.02955,22462.14
22626.24114,22465.04
22627.94642,22468.19
22606.6705,22460.13
22599.84587,22437.93893
22598.03934,22434.9641
22591.81688,22428.78656
22601.25094,22439.36662
22589.00674,22429.58828
22571.34298,22412.58
22573.14951,22415.96
22575.85929,22412.94415
22567.02741,22406.29
22566.02378,22403.17965
22547.05532,22389.2
22548.68,22387.96199
22542.11055,22379.89125
22551.54451,22389.25729
22532.87732,22385.96
22557.23239,22396.33165
22550.44053,22388.16127
22539.09972,22376.90209
22538.99935,22376.80245
22547.32934,22385.07246
22535.58707,22373.41473
22530.0672,22367.9346
22536.25,22378.59594
22548.32,22391.74826
22542.01019,22381.63044
22572.41964,22410.16414
22547.16,22390.85151
22546.48,22405.69769
22583.14998,22434.39366
22570.24083,22417.04
22544.3185,22386.67
22523.43918,22366.24074
22491.77232,22339.53754
22495.63591,22335.45235
22484.12235,22327.97944
22481.13864,22324.87
22461.74285,22306.32
22457.66396,22300.92
22448.97533,22287.42646
22442.05041,22280.55139
22401.27,22242.2901
22406.10503,22253.0
22386.95209,22225.8497
22387.15281,22229.51
22358.54986,22197.65192
22372.46303,22217.08148
22360.65136,22205.02519
22358.42039,22198.94723
22330.91794,22172.9415
22336.12292,22176.92706
22359.49457,22200.44181
22362.8654,22206.63
22346.00471,22185.19707
22331.45233,22170.74945
22331.75341,22175.16
22324.82849,22164.17329
22311.78153,22153.15
22339.58159,22178.82019
22306.76347,22146.51
22296.12518,22139.79
22298.65784,22138.96468
22303.15046,22142.65132
22292.91362,22132.48816
22296.82771,22136.37407
22318.65233,22161.48304
22311.68117,22154.86
22310.27611,22153.94
22317.50212,22159.81
22349.01555,22188.18624
22345.5029,22188.27
22367.73,22218.87498
22364.77226,22209.1
22352.62855,22193.15
22341.08701,22180.31477
22358.95131,22200.36
22348.31302,22190.34
22329.94691,22174.38
22348.51374,22191.41
22346.90796,22186.96
22345.20182,22184.5
22348.01193,22187.18985
22330.14763,22175.4
22333.8,22173.34006
22330.44872,22173.05
22337.17292,22181.6
22320.61332,22181.6
22301.2436,22148.47
22315.89634,22155.30544
22310.87828,22150.3235
22314.39092,22153.81086
22308.72,22149.72567
22328.04005,22167.36173
22332.35558,22171.6462
22350.4,22190.77685
22342.09062,22195.76
22337.474,22177.34
22311.68117,22156.7
22331.55269,22173.1
22344.29857,22190.67
22334.46317,22182.63
22337.474,22184.31
22338.67834,22185.53
22341.99026,22183.37
22345.10146,22191.53
22348.11229,22189.41
22336.90889,22181.0
22338.71961,22182.12
22313.78875,22157.33
22321.19,22160.5863
22317.00031,22158.72
22309.47322,22169.06
22317.90357,22157.65
22337.27328,22177.6
22341.8,22187.68804
22330.04727,22175.4
22328.24077,22167.56101
22343.59604,22182.80574
22338.7787,22178.02308
22311.17936,22152.6
22339.48123,22178.72055
22372.29,22213.7934
22362.56431,22204.45
22357.74697,22196.85481
22358.24878,22197.35301
22356.84372,22204.08
22338.97942,22181.81
22370.49285,22209.50894
22369.89068,22209.01
22370.89429,22211.64
22345.20182,22184.39996
22329.84655,22170.89
22331.05089,22176.61
22324.92885,22166.6
22322.01838,22164.29
22314.39092,22162.34
22318.70645,22158.09533
22323.62,22163.07727
22303.85299,22144.27
22308.46961,22158.65
22301.84577,22148.41
22312.78514,22152.21664
22311.38009,22150.8217
22296.62698,22138.20702
22296.72735,22136.27443
22298.1324,22138.68
22290.30423,22129.89755
22294.01759,22133.58419
22270.13162,22109.87016
22270.13162,22109.87016
22266.8197,22109.97
22280.96,22124.21814
22286.08906,22125.71272
22295.62337,22135.17841
22291.00676,22130.59502
22303.15046,22142.65132
22290.60531,22133.15
22275.75185,22115.44993
22275.3504,22115.05137
22294.11795,22133.68383
22289.30061,22128.90116
22277.05655,22116.74523
22264.21031,22103.99147
22263.10633,22102.89544
22265.31428,22105.0875
22263.10633,22102.89544
22259.09189,22098.90989
22261.60092,22101.40086
22260.79803,22100.60375
22269.72,22109.77052
22249.25648,22098.36
22252.16696,22094.12
22257.78719,22099.7
22257.28538,22102.5
22295.92446,22138.18
22262.87,22108.47521
22275.45077,22116.89
22289.6017,22129.20008
22277.9598,22118.63
22273.34318,22115.73
22291.66,22133.58419
22294.41904,22134.98
22300.23999,22139.76179
22277.05655,22118.03
22261.40019,22101.20158
22271.7374,22115.62
22226.37412,22072.97
22226.37412,22066.42765
22203.59213,22063.33
22195.16178,22035.43999
22198.4737,22047.65
22205.71,22049.68833
22202.8896,22043.11217
22201.88599,22042.11579
22184.52349,22024.87828
22177.79929,22020.18
22177.49821,22019.75
22175.29026,22015.71151
22185.67372,22026.17358
22196.14,22046.79881
22180.00724,22020.39453
22181.01085,22021.39092
22174.88882,22015.97
22184.02169,22024.42
22192.45203,22042.59
22189.44119,22029.76058
22205.59935,22045.80242
22212.02247,22053.67
22231.29183,22071.30995
22248.75468,22090.96
22234.80447,22074.79731
22231.32,22073.20309
22228.28099,22071.16
22224.96907,22067.61
22240.32434,22080.27744
22229.38496,22082.49
22225.87232,22070.05
22228.38135,22070.75
22227.9799,22071.58
22204.79646,22052.45
22188.43758,22042.61
22179.10399,22021.7
22187.33361,22028.68
22186.63108,22026.97069
22185.22602,22025.57575
22225.83,22065.92945
22215.23403,22055.36774
22209.91488,22050.08689
22209.21235,22052.18
22209.31272,22051.76
22217.54234,22057.65944
22213.72861,22060.03
22242.63264,22082.56913
22239.62181,22079.57997
22247.75107,22087.65071
22255.57924,22095.42253
22238.01603,22079.87
22222.76112,22062.84065
22234.70411,22074.69767
22238.01603,22077.98575
22243.03409,22083.24
22245.08,22087.84999
22250.36046,22091.5
22242.73301,22090.41
22252.16696,22098.48
22240.62542,22083.14
22236.0088,22080.58
22239.82253,22085.48
22237.11278,22079.91
22236.07578,22082.26
22207.30549,22081.72
22199.67804,22041.72
22191.2477,22041.72
22222.86148,22062.94029
22225.26254,22067.75
22216.73945,22057.99
22207.00441,22047.19736
22206.10116,22046.30061
22209.31272,22049.48906
22190.44481,22032.5
22184.53,22031.05588
22187.86,22029.06311
22191.47,22042.31506
22198.57406,22038.82771
22215.13367,22055.2681
22239.39089,22079.57997
22215.34296,22057.26088
22208.82,22051.58147
22209.6138,22049.78797
22203.79285,22044.00892
22195.36251,22038.53
22204.39502,22044.60676
22209.81452,22049.98725
22216.53872,22056.66305
22219.4,22060.6486
22229.98713,22070.01464
22230.99074,22071.01103
22207.90766,22048.09411
22208.27,22048.89122
22202.68888,22045.03
22196.96829,22037.23349
22197.06865,22037.97
22208.81091,22048.99086
22216.53872,22056.66305
22223.56,22065.63054
22230.28821,22070.31356
22225.15,22072.30634
22232.79724,22072.80453
22221.85787,22061.9439
22212.53,22053.37497
22223.04,22064.33523
22196.36612,22037.78
22211.4203,22053.53
22230.77642,22071.80814
22240.32434,22080.27744
22242.37,22094.8247
22249.72,22098.51134
22264.44,22104.77353
22283.76,22125.41381
22272.13884,22111.86293
22262.00236,22101.79942
22264.8,22107.57846
22264.71211,22104.48966
22270.0,22111.96257
22270.0,22118.83765
22298.93529,22138.46649
22300.66,22141.85421
22298.1324,22145.88
22306.86383,22146.33795
22292.83,22133.78346
22287.65,22128.30333
22299.99,22145.83976
22307.86744,22147.33434
22290.40459,22129.99719
22258.05,22100.80303
22251.47,22092.3
22250.05937,22089.9424
22247.75107,22087.65071
22249.38,22103.99147
22261.40019,22105.49
22281.52,22124.81597
22272.33957,22113.11
22275.75185,22115.44993
22287.28,22127.10767
22268.22476,22107.97702
22284.88472,22124.51706
22277.15691,22116.84487
22276.6,22117.24343
22254.37491,22094.22687
22251.56479,22092.19
22251.03,22091.53662
22259.8,22109.9698
22252.46804,22092.33373
22269.62981,22111.58
22274.05,22115.15101
22281.87388,22122.52
22295.12157,22137.63
22295.82409,22135.37768
22323.33,22163.07727
22295.92446,22135.47732
22316.89995,22160.72
22316.29779,22159.62
22322.82127,22164.26
22328.74258,22168.0592
22329.74,22176.22958
22315.59526,22177.73
22320.56,22161.28377
22316.89995,22156.30183
22309.97503,22149.42675
22313.26,22165.66787
22330.18,22178.322
22323.62416,22163.05
22311.88189,22157.29
22312.18298,22152.0
22308.46961,22153.22
22315.39453,22161.15
22312.68478,22157.95
22316.69923,22156.61
22335.06534,22175.42
22350.78,22191.07576
22362.36359,22201.4382
22366.45,22205.72266
22356.14119,22195.26059
22348.01193,22187.18985
22348.31302,22187.48877
22335.26606,22178.72
22331.15125,22170.45054
22315.19381,22154.60797
22330.14763,22169.45415
22331.49,22173.04114
22330.54908,22174.81
22322.2191,22171.34
22318.40537,22157.79641
22313.58803,22153.01375
22309.17214,22150.0
22303.45155,22147.62
22298.63421,22138.18
22294.11795,22135.55
22288.79881,22129.55
22273.94535,22117.93
22272.54029,22125.71
22274.94896,22119.11
22270.53307,22111.28
22275.14968,22121.63
22274.54751,22120.21
22279.63,22120.13295
22294.61976,22140.31
22302.22222,22141.71415
22317.16,22155.61093
22319.06,22160.6383
22296.1002,22142.37
22293.69153,22134.62
22306.83883,22144.90431
22300.2858,22144.16
22283.7558,22123.02
22280.54424,22118.25698
22280.6446,22120.82
22287.66987,22129.54
22284.55868,22130.87
22281.19,22120.77
22277.73414,22116.85
22293.18973,22130.57802
22312.63,22150.88699
22299.31175,22137.57
22301.94,22145.48766
22294.19334,22134.87
22296.50164,22144.19
22258.06338,22107.57
22226.95147,22069.61
22234.87999,22072.35
22215.91176,22053.71048
22214.70742,22055.86
22204.87205,22055.86
22192.35,22033.98
22191.46,22030.81711
22210.72,22052.22774
22244.98287,22085.8822
22230.86555,22073.55
22215.00851,22055.83
22209.99046,22050.83
22227.35,22071.14097
22272.13884,22111.92
22279.66594,22119.33584
22275.45077,22115.15101
22269.32873,22112.14
22268.6262,22108.37557
22248.75468,22088.6471
22240.12361,22080.07816
22220.65353,22067.06
22220.35245,22062.63
22219.75028,22060.51
22215.24,22061.9439
22234.00158,22074.0002
22240.12361,22080.07816
22222.31,22070.81175
22238.61819,22082.89
22240.12361,22080.07816
22231.0911,22071.11067
22224.16618,22064.57
22239.62181,22079.57997
22237.91567,22091.59
22243.03409,22084.96
22230.18785,22071.55
22240.66,22083.66516
22246.14529,22086.05649
22251.66,22093.92795
22254.07382,22093.92795
22255.47,22105.68533
22268.1244,22107.87738
22271.43632,22111.16546
22277.05655,22116.74523
22271.83776,22111.56402
22260.79803,22100.60375
22250.05937,22089.9424
22270.73379,22110.46799
22277.9598,22117.64198
22276.6551,22116.34668
22277.35763,22117.04415
22275.9,22120.73078
22276.24,22117.74162
22264.71211,22105.82
22250.53,22092.73229
22247.1,22091.03843
22255.6796,22095.52217
22249.35685,22089.24493
22241.52,22088.24854
22265.21392,22108.82
22233.90122,22078.62
22226.49,22067.52367
22223.0622,22063.13957
22225.37051,22065.43126
22232.69688,22072.70489
22251.36407,22091.2377
22233.06,22075.19586
22229.53,22074.49839
22252.18483,22092.73229
22262.10272,22101.89905
22270.23198,22110.96
22250.7619,22090.63987
22270.5,22111.36474
22267.24,22107.08027
22249.35685,22090.69
22264.34,22107.27955
22263.60814,22103.39364
22265.0,22106.78135
22269.22837,22108.97341
22262.31,22102.59653
22264.41103,22104.19075
22267.42187,22107.17991
22267.57,22111.96257
22270.03126,22109.77052
22269.35,22109.9698
22269.21738,22109.18359
22266.60801,22106.59297
22272.13,22113.66736
22278.96,22124.9266
22283.56,22128.41397
22284.61,22127.81614
22280.21,22126.32155
22270.72,22115.36123
22273.06,22121.6385
22274.05,22117.85221
22273.13145,22115.15
22270.52,22112.57133
22272.65,22116.65654
22273.43254,22115.02
22273.8,22115.95906
22274.5,22118.05149
22277.49,22123.63129
22279.41,22123.63129
22277.31,22121.93742
22277.26,22121.93742
22275.47,22117.55329
22276.31,22118.05149
22276.87,22119.74536
22277.03,22118.15113
22289.08881,22128.91217
22288.25,22130.40676
22288.46,22136.0862
22296.2,22138.77646
22291.49747,22131.79
22290.07,22131.30351
22291.03,22131.70207
22290.98,22131.00459
22295.9,22136.98295
22288.58701,22131.19
22290.17,22131.80171
22279.75526,22119.64572
22277.14588,22117.0551
22281.9632,22121.83778
22291.39711,22131.20387
22275.23903,22115.16195
22274.77,22116.0587
22274.99,22114.96267
22276.23,22117.15474
22276.92,22117.15474
22273.5329,22113.46808
22262.49322,22106.16
22260.30509,22112.08
22267.95265,22111.87385
22261.97305,22103.32
22255.16688,22096.74
22261.75479,22102.40812
22263.77578,22104.78
22270.02875,22111.27602
22265.90548,22111.18
22262.29249,22102.30848
22245.53225,22085.77806
22249.54668,22091.37172
22246.23478,22086.3662
22246.33514,22086.46584
22244.52865,22084.67233
22227.56768,22067.83329
22227.86877,22068.27
22244.72,22089.95321
22245.86,22086.16692
22263.12431,22106.19441
22279.09,22120.64211
22267.31053,22107.29045
22267.74,22111.37566
22262.48,22103.30488
22264.80151,22104.79946
22261.69033,22101.71065
22275.84,22121.23995
22280.45779,22120.34319
22277.95372,22118.45005
22278.35848,22119.68
22276.54372,22117.78
22276.54372,22117.36
22281.26067,22121.14031
22277.64769,22120.86
22282.465,22124.38
22283.55652,22123.83057
22290.59422,22131.08
22291.84,22132.99738
22287.61599,22128.61325
22288.74078,22129.11145
22289.3294,22132.20027
22285.97763,22125.82335
22279.45418,22119.3468
22277.14588,22117.0551
22264.90187,22104.8991
22257.6759,22102.9
22248.44271,22088.55826
22234.19149,22084.22
22226.46372,22067.37
22223.35253,22064.27
22221.24496,22064.97
22202.37714,22045.93
22195.95405,22036.44692
22187.12231,22037.4
22186.01834,22031.83
22174.38701,22014.81476
22167.56245,22013.39
22170.17184,22017.31
22164.15016,22007.07
22127.01651,21971.28039
22124.80856,21969.91
22137.05263,21983.96
22121.99845,21974.73
22127.11687,21967.88489
22106.14137,21949.66
22095.10164,21943.81232
22097.71103,21943.52
22108.75077,21949.651
22104.5356,21949.29
22091.99044,21949.29
22080.14782,21931.12
22074.44724,21925.79
22075.45087,21919.24198
22070.73384,21919.84
22072.23928,21920.17
22071.33602,21920.08
22053.5719,21900.64
22045.94437,21893.37852
22067.52225,21908.28109
22049.75814,21894.60259
22044.94075,21888.85129
22034.7038,21878.42
22040.32409,21886.32
22031.69293,21880.14
22047.75089,21897.36
22037.1125,21885.79
22037.61431,21885.79
22034.30235,21881.93
22042.53206,21888.31
22050.05922,21897.9
22035.60706,21878.52749
21997.56978,21846.10027
22015.93606,21857.06727
22039.11974,21880.0836
22018.16217,21864.5401
22017.32222,21859.06003
22008.91027,21851.78647
21993.55529,21836.39893
21978.50095,21831.87
21986.22431,21830.16507
21981.1952,21823.2
21978.62948,21821.09803
21984.68,21829.66688
21988.42,21836.64152
21967.56147,21809.04186
21961.06,21806.15236
21955.41764,21796.98568
21950.39953,21792.00379
21958.42851,21802.14018
21981.61,21825.28282
21975.59045,21817.01288
21975.69081,21819.44182
21972.98103,21814.4223
21970.37161,21812.21228
21963.04517,21805.11702
21962.34263,21804.57151
21970.07053,21813.75205
21962.54336,21808.12
21955.71873,21797.9
21963.34626,21810.02
21941.31,21795.29184
21953.44,21795.98931
21979.90602,21822.78
21985.8274,21827.85504
21988.63754,21830.32
21985.42595,21828.96
21993.58,21862.04916
22118.60663,21968.81
22126.13379,21966.46956
22111.14,21957.50216
22096.92838,21942.49428
22102.8,21947.53838
22085.68781,21929.78423
22021.35563,21869.14841
22004.39441,21851.05929
21991.34732,21834.30817
21981.01001,21822.39332
21974.48646,21817.87602
21991.14659,21833.88875
21999.57702,21847.83054
21973.52,21818.74729
21954.21329,21795.79003
21941.1662,21790.07846
21972.57958,21818.85219
21949.69699,21792.71
21974.78755,21820.0
21946.58576,21794.54199
21949.29554,21798.54732
21948.69337,21795.47
21952.10569,21798.14944
21938.46,21782.89625
21930.24,21788.3172
21946.45,21794.78576
21943.47454,21786.97
21948.17,21791.00742
21946.18432,21790.04
21989.00505,21831.65963
21952.50714,21797.09
21952.00533,21799.26264
21950.67,21800.63292
21947.25,21790.40959
21945.31,21797.35272
21946.48,21796.68061
21936.24846,21786.3712
21929.76,21782.33893
21926.91,21775.76284
21921.31,21767.79181
21924.72,21778.35342
21926.71,21775.36428
21923.82,21774.46754
21931.15,21779.54907
21923.39,21770.04793
21918.68507,21764.9744
21921.64,21771.21695
21933.03686,21777.52187
21927.3,21774.71063
21966.65784,21808.34439
21952.6075,21799.30713
21940.86512,21785.00106
21943.05,21795.29184
21938.55679,21783.04638
21924.86,21775.41453
21919.98977,21765.36541
21915.77456,21763.9132
21908.64884,21752.67884
21900.61986,21749.62671
21901.36,21746.9169
21914.94,21761.1217
21904.83508,21754.4431
21914.77094,21757.69719
21904.33327,21752.31
21898.01045,21744.01541
21900.57,21754.72342
21914.16877,21759.4052
21921.99702,21766.33546
21923.20137,21765.28637
21889.78074,21739.82087
21893.35,21763.60436
21923.101,21767.65589
21920.11,21764.77173
21914.46985,21765.0899
21923.40209,21765.24
21929.92563,21772.85139
21924.30535,21767.58
21925.10825,21769.19455
21911.9608,21756.20732
21914.23,21762.55897
21918.96,21769.5128
21916.39,21767.4929
21914.33,21763.35044
21902.72747,21754.16826
21893.79523,21742.68255
21901.92457,21745.76459
21900.11805,21753.96181
21914.78,21759.77279
21924.7068,21770.7015
21926.91477,21772.29452
21916.53,21763.0092
21932.73578,21776.97769
21925.78,21778.85161
21939.56041,21782.33714
22002.36,21850.47969
22070.74,21917.73168
22046.45,21888.05462
22047.44981,21900.31899
22075.85232,21922.65
22072.94181,21923.54
22096.72766,21948.45
22078.86318,21942.78
22061.19943,21913.69243
22049.22889,21890.94412
22019.83,21869.53693
22019.35,21887.15788
22042.77,21887.85535
22040.48,21891.84086
22053.46,21903.81782
22031.59257,21878.389
22029.53,21872.31185
22042.05,21891.65601
22049.25633,21898.53999
22059.39291,21904.66434
22062.20305,21911.3
22090.40484,21946.04
22092.41208,21940.49
22102.44831,21949.74
22070.93457,21917.3567
22046.44618,21901.14
22046.44618,21905.99
22047.44981,21892.29
22079.18376,21927.48
22049.75814,21897.24
22054.97697,21896.87412
22050.46067,21893.22
22050.2776,21896.92238
22043.13423,21889.5
22038.91902,21880.65
22035.27,21879.08722
22032.27556,21875.20135
22020.15128,21865.11
22024.16577,21869.35652
22020.352,21862.62
22020.55273,21861.65061
22042.36042,21885.86259
22041.78863,21887.55643
22035.60706,21883.07
22036.91177,21880.57
22043.63604,21885.54
22052.96,21893.93325
22066.39162,21910.47
22058.28893,21900.21865
22049.33226,21897.49704
22061.60088,21902.46
22052.54384,21900.65
22042.10619,21884.72028
22031.81,21877.67126
22040.06,21881.42133
22042.40728,21888.4
22030.86565,21872.76483
22039.29606,21885.59
22048.48329,21889.42839
22044.81597,21886.86
22116.49902,21956.90433
22117.80373,21963.4631
22126.33452,21969.34799
22117.30192,21967.03156
22130.44937,21973.97089
22121.61749,21966.61153
22114.59214,21960.84782
22108.06859,21956.83
22104.75664,21948.82
22106.16171,21949.72992
22104.25483,21947.47
22106.66352,21948.4
22123.42401,21966.15
22124.81576,21967.76485
22134.61935,21977.69
22135.09344,21976.59
22144.06398,21989.32
22140.01885,21988.96
22122.42039,21964.17
22121.02457,21963.01
22116.69974,21960.76
22111.58127,21959.44
22108.06859,21949.2
22127.34842,21971.67
22142.84054,21989.19
22142.47533,21985.91
22136.27038,21981.01
22134.33327,21977.53
22136.30817,21981.71414
22123.62474,21972.03
22122.77206,21966.47
22136.73665,21981.89
22135.38464,21982.03
22134.32653,21980.72
22073.2429,21926.19
22087.19002,21946.92
22082.47622,21933.32
22067.66485,21922.35
22074.40712,21930.01
22077.02912,21934.02
22077.17868,21927.79
22076.85449,21929.94
22070.87785,21924.97
22059.12071,21914.08
22065.98233,21923.86
22067.20306,21916.62
22072.62148,21925.07
22073.36954,21925.23
22066.11402,21916.76
22041.98781,21891.62
22045.21724,21895.84
22034.64334,21887.95498
22043.59539,21897.02202
22044.83586,21904.48
22037.40465,21891.96
22037.10551,21890.24
22030.79051,21890.24
22032.22392,21890.33
22032.51901,21891.64
22040.07696,21893.98
22039.50553,21894.17
22037.8233,21896.35
22043.4802,21895.82637
22038.66949,21895.59
22041.17141,21896.72311
22041.78385,21896.32456
22042.15932,21894.8
22051.67765,21907.25
22042.79956,21892.52
22040.78799,21894.92
22036.60353,21890.65
22036.1183,21891.14
22035.49828,21890.04738
22036.44087,21891.3
22035.33609,21890.65
22039.74048,21894.55
22039.91322,21895.77
22042.54411,21899.03
22064.08855,21921.63256
22075.41436,21931.58
22073.72626,21930.81
22066.72358,21922.04
22066.22443,21921.97
22060.2934,21913.5
22058.3298,21913.22
22063.95831,21919.52
22062.83096,21920.24
22066.64759,21923.1
22067.21694,21925.74
22068.76114,21917.29
22051.14083,21905.05
22052.7718,21909.67602
22054.16582,21910.27
22052.23887,21906.08906
22053.68058,21909.17783
22058.87642,21916.55103
22060.9734,21916.84994
22061.37122,21909.47675
22054.92814,21911.56914
22055.88319,21911.07095
22057.40973,21913.56189
22064.63763,21925.11988
22074.32994,21930.00213
22074.18481,21928.87
22067.69467,21923.29
22057.76726,21908.87892
22050.86212,21894.72
22040.16162,21891.67
22039.71773,21891.65
22038.26013,21889.48
22037.44482,21889.08
22034.81561,21887.97
22037.0585,21889.49
22034.63708,21888.57
22034.22886,21887.98
22012.06913,21861.4
21951.60954,21803.56178
21939.77049,21792.40235
21939.48896,21799.07808
21911.02583,21772.67406
21931.13431,21790.21031
21902.90409,21743.15198
21883.04345,21724.86885
21874.07847,21725.54539
21869.33343,21713.68849
21864.25322,21711.5961
21877.78953,21728.93307
21860.15645,21702.42942
21852.97523,21702.32979
21828.77617,21672.13954
21828.60322,21672.23917
21807.93623,21654.66
21720.16858,21563.43471
21700.0258,21545.20099
21669.51537,21515.50893
21652.18,21512.02161
21643.99365,21496.12
21630.9277,21495.73
21621.27655,21477.16
21606.60433,21456.72263
21612.2169,21463.498
21603.91218,21449.45
21599.88584,21455.72626
21597.09264,21450.844
21585.94462,21436.79508
21587.64605,21438.09037
21604.7069,21456.82227
21667.62025,21516.2064
21675.08283,21529.75713
21675.25338,21524.83
21634.57421,21524.83
21644.86337,21524.83
21656.03415,21524.83
21661.33006,21524.83
21662.89558,21512.12125
21654.63205,21498.37123
21617.98244,21465.78967
21637.21324,21481.33317
21635.42708,21481.931
21638.17234,21485.01977
21644.60619,21493.68825
21645.87845,21489.90202
21643.09039,21486.91288
21640.07952,21483.92375
21640.28025,21484.12303
21636.96829,21480.83498
21639.97916,21483.82411
21639.0759,21482.92737
21640.78206,21484.62122
21627.23316,21471.17011
21617.09657,21461.1067
21607.76289,21454.31239
21605.45456,21451.42508
21607.26108,21451.34219
21616.69513,21460.70815
21621.8136,21465.78967
21636.66721,21480.53607
21645.29836,21489.10492
21645.59945,21490.43551
21650.11575,21493.88753
21655.0335,21498.76978
21660.75414,21504.44914
21664.66827,21508.33501
21667.17732,21512.02793
21671.4929,21516.96439
21672.79761,21518.59633
21678.9197,21524.56028
21681.93057,21528.5962
21687.35013,21533.19831
21690.361,21535.99359
21681.72985,21533.14474
21641.68532,21502.36686
21608.66615,21458.90284
21579.46074,21431.68874
21561.69663,21421.74218
21534.69919,21383.61099
21510.01008,21363.36238
21515.93145,21364.5593
21574.04118,21418.36208
21572.53575,21424.45111
21510.51189,21372.57101
21515.42964,21362.28421
21514.52638,21359.27687
21575.84343,21420.65375
21583.07378,21427.32949
21568.11981,21416.97049
21523.45862,21375.95461
21565.2093,21409.59396
21570.82959,21415.17368
21573.45401,21417.3508
21562.31369,21410.75635
21581.48307,21425.32175
21601.65608,21445.34874
21605.16879,21448.83603
21566.83004,21412.23461
21531.80327,21380.4454
21570.24239,21414.16243
21584.3936,21428.21121
21581.28234,21428.8499
21582.28597,21429.61536
21593.62702,21437.3778
21595.93537,21441.57011
21592.52302,21436.8313
21585.19651,21429.00831
21589.11067,21432.89414
21593.32593,21437.07889
21596.45896,21442.51
21587.90631,21435.45
21549.06575,21401.16
21548.76466,21395.33
21548.86502,21398.41
21584.19288,21431.6
21555.99081,21404.6
21578.47217,21425.42
21553.78282,21401.55
21554.28463,21400.06
21567.63294,21411.57187
21553.281,21401.17
21588.30777,21433.89
21591.11794,21437.86
21586.80232,21435.42
21585.4976,21429.30722
21574.65837,21424.85
21571.94856,21422.39
21573.85546,21420.94
21571.34638,21420.47
21562.21333,21412.97
21553.38136,21403.98
21560.20606,21408.08
21537.92543,21385.15
21541.63887,21386.77
21543.15886,21389.35
21527.68838,21374.04
21528.19019,21374.74
21491.27,21338.63725
21488.94,21353.48362
21517.77,21365.63931
21546.75739,21391.24
21533.71017,21378.83
21528.79237,21377.08
21528.89274,21374.83
21566.02713,21413.31
21550.77192,21397.68783
21545.75376,21389.85105
21530.29782,21385.31
21542.24105,21386.36376
21519.75968,21369.88359
21504.7052,21349.0996
21492.26016,21336.74464
21472.68933,21318.91
21455.72794,21304.41
21503.77679,21349.69742
21488.54672,21334.66
21499.78,21344.41667
21501.79466,21346.21013
21534.7138,21378.891
21505.70883,21352.36136
21496.87687,21341.32793
21497.11,21362.05238
21497.11,21379.28955
21503.21,21351.39124
21505.87,21352.58689
21503.30011,21347.70468
21498.18159,21342.62321
21491.86,21342.52357
21496.171,21342.42393
21499.68704,21344.56709
21479.71475,21334.71
21478.52,21351.78979
21492.86234,21340.36269
21453.62032,21303.05322
21450.30833,21295.09645
21432.44367,21279.95
21436.75929,21281.64549
21462.05083,21306.75396
21453.62032,21302.75858
21458.63848,21306.25094
21470.38097,21321.97119
21473.29151,21317.91328
21473.29151,21319.45328
21478.81149,21326.75279
21491.55762,21337.11025
21488.84781,21333.35698
21482.02311,21330.43
21479.01221,21325.5534
21480.51766,21326.50589
21487.71,21333.85517
21491.45725,21335.94771
21494.96997,21340.08824
21491.75834,21338.38568
21473.09078,21323.24
21453.41959,21302.28989
21457.93593,21304.43972
21456.63121,21301.37357
21431.8415,21280.3315
21424.97,21272.75395
21457.73521,21303.25394
21442.88145,21287.72333
21451.31196,21296.32
21437.86329,21286.93422
21440.17164,21286.13031
21449.3047,21294.10009
21462.96,21310.83907
21449.78,21297.48774
21449.18,21301.07466
21491.66,21341.37102
21498.18159,21343.14988
21481.92275,21332.36119
21457.43412,21308.92371
21463.55628,21312.56418
21474.89732,21322.91136
21487.34236,21331.86243
21474.79,21332.25754
21509.47,21356.83
21514.34,21360.05965
21530.49855,21374.70625
21545.75376,21392.54
21543.34504,21387.79936
21592.92448,21443.79
21605.17645,21451.48
21602.06517,21451.27
21594.53789,21442.28
21570.16435,21442.28
21527.49492,21377.63
21541.57199,21393.53027
21556.57341,21407.18045
21545.82058,21406.94
21533.81784,21377.78774
21532.99385,21379.78046
21536.5141,21385.26046
21548.8745,21401.003
21557.80477,21402.95
21551.33544,21396.41973
21542.87,21414.05535
21553.84803,21409.2
21550.06597,21405.38699
21552.04,21415.25099
21559.03319,21413.45753
21562.33689,21414.65317
21564.76789,21419.93389
21580.78036,21434.18188
21586.5475,21431.59134
21585.30443,21432.35
21588.1953,21438.16733
21582.81,21451.91714
21601.94344,21455.00587
21635.88775,21479.11785
21627.42258,21470.84804
21610.19464,21453.61096
21618.26,21462.97677
21605.37718,21448.82842
21612.34742,21457.2975
21626.95,21478.91858
21629.6,21474.43495
21614.20918,21457.59641
21599.17,21443.34842
21618.34879,21462.87714
21619.68,21466.0655
21633.61,21480.51276
21638.49721,21481.7084
21648.26,21496.75348
21657.83115,21502.33311
21646.8274,21489.97821
21629.58,21480.01458
21615.41,21472.04368
21608.43,21456.79932
21607.02,21451.31933
21597.99,21448.82842
21601.06154,21444.54406
21593.47,21437.17097
21586.80989,21430.3957
21584.44,21437.86843
21607.02,21455.9026
21604.01,21449.92442
21599.55608,21443.68
21591.04695,21437.17097
21605.52085,21451.08
21615.84,21459.58914
21603.01,21451.12005
21601.46299,21444.9426
21586.45,21430.09679
21569.32024,21413.15862
21571.39,21420.73098
21579.5,21427.40661
21580.6877,21425.21
21589.52646,21438.66552
21593.59255,21438.39
21595.94299,21439.46261
21596.8,21440.65824
21621.27,21471.54549
21643.11394,21486.29167
21636.3047,21481.90767
21618.88,21463.27568
21648.53358,21494.82
21683.15907,21526.04655
21683.56052,21526.44509
21708.35036,21551.05526
21678.74306,21521.66255
21670.81433,21513.79128
21663.28705,21506.31856
21662.22,21508.41092
21668.46314,21511.90612
21687.66736,21530.73747
21671.00707,21514.19777
21666.74,21514.49668
21658.06021,21501.34462
21649.83043,21493.1744
21633.27049,21476.73433
21643.80863,21487.1962
21637.5,21482.21436
21643.20645,21486.59837
21636.13,21488.89002
21638.99,21488.59111
21649.82,21497.65806
21652.14,21498.8537
21643.98665,21490.1853
21652.30601,21498.95334
21641.82,21490.68348
21644.29,21492.77586
21645.89,21492.37731
21646.44,21490.48421
21636.01,21484.10745
21640.98,21485.80128
21652.09852,21500.34825
21642.10246,21485.50237
21652.71695,21497.55842
21648.62607,21491.97876
21623.93671,21467.46811
21600.1,21450.72913
21602.53,21450.33058
21615.29553,21461.78881
21619.95,21467.76702
21620.92,21470.45721
21608.88,21454.61496
21598.67,21443.75455
21593.06,21449.8324
21610.71,21460.99172
21611.65,21455.41206
21601.34,21450.13131
21613.69966,21457.30516
21619.4,21471.85213
21629.45,21475.33942
21639.21,21486.89729
21633.03,21485.90092
21632.38,21482.31399
21642.24269,21490.28494
21644.69,21489.58748
21644.41163,21489.78675
21641.56423,21485.10382
21627.85088,21471.35395
21614.00075,21457.60407
21589.03647,21438.57344
21592.18764,21438.67308
21591.31866,21435.08615
21591.71,21437.87598
21588.10704,21432.2
21576.26418,21420.14063
21574.05619,21417.94862
21588.54,21432.99378
21581.08162,21426.63
21607.77823,21451.42659
21615.70693,21459.29789
21597.64155,21441.36327
21591.01757,21437.98
21592.92448,21436.68034
21604.84,21449.13494
21603.86407,21447.54075
21598.14336,21444.99
21601.0539,21444.75092
21600.15063,21443.85419
21599.54845,21443.25637
21600.15063,21443.85419
21601.75644,21445.44838
21605.77097,21449.88
21606.27279,21453.16
21605.06843,21450.14
21609.28368,21452.92114
21613.29821,21461.74
21623.83635,21468.97
21643.60791,21489.54
21639.99483,21483.41
21624.83998,21473.04
21620.12291,21464.18862
21622.83272,21468.75
21621.92945,21465.47537
21624.94035,21468.46448
21634.47485,21477.92997
21633.87267,21482.91
21635.55,21479.22525
21637.48575,21481.87
21658.06021,21501.34462
21655.45077,21499.48
21652.43987,21496.06
21645.91626,21489.28857
21651.67,21497.35915
21652.54023,21495.8646
21651.93805,21497.31
21661.3722,21511.11
21658.26094,21513.02
21627.85088,21473.59311
21627.34,21474.44269
21625.94398,21471.11759
21621.32727,21470.94331
21607.07,21455.42838
21598.24373,21448.316
21600.25099,21445.93869
21610.51878,21453.28915
21623.4,21467.77
21621.15749,21467.18
21610.55,21454.08622
21609.91659,21452.80045
21597.4713,21443.07
21586.33076,21439.77
21586.2,21431.17022
21582.81797,21434.57995
21563.03,21420.88453
21564.95296,21421.34688
21561.84164,21413.68712
21559.71,21410.41437
21561.71,21415.41007
21561.78,21411.5276
21567.66282,21418.91765
21559.53324,21411.16612
21547.89087,21399.08236
21540.66457,21392.25527
21528.52038,21380.86515
21543.1737,21388.06999
21575.69204,21428.64172
21565.25406,21417.69199
21568.46574,21419.77205
21583.23,21435.94902
21579.40555,21426.85749
21595.36363,21438.76845
21598.47495,21449.17651
21602.79065,21453.48585
21593.85815,21447.18
21584.02235,21436.73881
21577.39825,21436.96273
21569.67013,21423.05395
21566.05698,21419.70891
21570.97487,21425.76136
21580.60994,21432.52241
21577.09715,21430.52919
21570.77414,21422.74622
21545.58247,21401.62246
21545.4821,21399.07492
21533.73937,21387.18301
21530.32,21382.38383
21524.4054,21378.64918
21531.23024,21378.41175
21546.0843,21390.84
21539.05873,21390.58472
21546.78,21397.00616
21560.63725,21412.86148
21575.29058,21426.84861
21573.7851,21423.52322
21535.94741,21394.7978
21550.19927,21406.0384
21581.71395,21429.03
21595.46399,21444.24
21631.09365,21473.71428
21637.21593,21491.67141
21645.44588,21499.3848
21636.21228,21487.65887
21633.70315,21487.93456
21633.80351,21486.94191
21644.84369,21495.84704
21662.4076,21515.16792
21659.09555,21509.5338
21643.03711,21495.70811
21639.6247,21495.39535
21630.29073,21474.60756
21633.50242,21485.50419
21622.26151,21472.00361
21629.38744,21477.99914
21626.37648,21476.38042
21629.08635,21476.82972
21650.1,21502.61182
21658.49336,21510.769
21627.17941,21481.14818
21632.0973,21482.79504
21636.61374,21489.48945
21631.19402,21482.98932
21635.03,21486.23728
21637.51703,21490.96243
21661.00249,21506.33791
21644.04077,21486.56717
21643.23784,21489.95435
21637.71776,21490.67204
21637.91849,21489.3015
21623.76699,21478.28192
21622.06078,21474.38444
21613.52973,21463.98841
21613.12827,21462.3
21623.1648,21470.87904
21611.22133,21460.03293
21637.11556,21483.85862
21640.32725,21489.94167
21636.81447,21482.64249
21642.23419,21490.72913
21654.37839,21498.87967
21650.36378,21498.81804
21656.88752,21506.15177
21661.50432,21508.91432
21666.82367,21512.48657
21662.50797,21510.68578
21657.89117,21506.88193
21663.81272,21514.06053
21679.06823,21522.6
21682.68138,21532.86
21670.43682,21516.51557
21679.97152,21527.09506
21680.27262,21524.0298
21681.27627,21531.64783
21670.23609,21522.01411
21684.78905,21532.92754
21686.78,21536.57855
21674.2507,21527.52618
21648.45684,21499.13431
21632.69949,21487.06073
21632.29803,21483.63881
21636.41301,21490.16564
21641.632,21491.27372
21643.46,21498.03149
21640.32725,21489.75748
21640.62835,21491.91086
21646.2488,21491.53
21638.92214,21488.24372
21646.34917,21490.27
21638.45,21485.53939
21641.02981,21491.99108
21660.29993,21505.75
21668.42952,21516.2689
21643.6393,21495.96325
21656.57,21501.52852
21668.17169,21512.07368
21652.45,21507.86437
21661.00249,21509.91492
21651.09,21502.65042
21645.84734,21497.46222
21646.11,21494.76032
21633.57,21490.63466
21633.57,21492.45362
21641.86,21492.60314
21634.18,21484.86857
21632.1,21483.79247
21643.03711,21490.78119
21654.98058,21503.71626
21651.66852,21499.92135
21654.27802,21502.53484
21651.96962,21501.36085
21652.1,21507.66135
21657.59007,21508.65495
21640.82908,21494.27051
21633.70315,21488.77865
21633.50242,21483.73951
21629.38744,21476.48788
21631.29438,21480.90583
21630.69219,21480.10522
21630.69219,21479.30958
21629.08635,21480.97721
21632.09,21481.73012
21632.86,21482.58125
21644.74332,21496.9023
21648.05538,21497.74588
21653.87656,21499.99904
21649.01,21495.02923
21643.6393,21490.33951
21645.88,21495.97322
21647.96,21494.41565
21637.44,21489.74114
21628.96,21480.09091
21640.14,21486.5869
21656.9,21508.08829
21654.88,21503.69941
21646.88,21499.51969
21648.98598,21496.43101
21649.29,21499.22079
21649.49922,21497.8259
21648.43,21495.83321
21649.37,21495.33503
21658.83,21508.38719
21660.09,21506.09559
21640.79,21486.09414
21641.93,21487.06534
21641.84,21490.15402
21658.15878,21501.81129
21657.18861,21499.61933
21651.83,21497.62663
21652.64,21499.02152
21676.53,21520.64227
21673.93,21526.02255
21678.06458,21520.34337
21659.35,21504.89997
21651.32,21499.61933
21667.73,21527.11853
21684.89,21531.40283
21696.43142,21538.57654
21692.81827,21537.64
21694.92594,21537.42
21692.34461,21539.57288
21689.70695,21531.901
21694.96139,21541.56558
21696.15,21539.57288
21695.21712,21540.96777
21849.08695,21690.12107
21826.48112,21669.29739
21806.73282,21658.21
21824.70892,21668.50031
21797.29848,21638.70951
21763.91,21607.52382
21746.14,21590.287
21719.31,21566.77
21715.19,21560.7951
21719.80045,21563.78414
21718.63,21568.16807
21761.56846,21603.46106
21801.75717,21645.68395
21783.13,21632.33288
21815.49,21660.00492
21817.55,21661.82478
21823.99564,21666.21325
21880.0998,21720.90822
21851.29498,21692.31303
21908.34693,21753.38916
21915.12727,21777.11
21909.1,21754.98332
21887.22574,21730.43758
21869.86255,21711.49814
21840.857,21685.28075
21867.95561,21711.66559
21873.05,21719.51333
21880.63,21721.50603
21879.79,21724.09653
21887.33855,21729.37718
21866.57,21707.75643
21839.45188,21680.74578
21822.99198,21667.22071
21818.63,21665.51127
21818.59,21665.17832
21803.4,21659.33391
21801.38,21645.58431
21776.12,21623.14843
21767.29,21616.15329
21768.19256,21609.81542
21760.85,21611.40957
21767.15199,21611.90775
21749.2,21592.47896
21750.72901,21592.47896
21760.86,21607.12528
21753.53924,21598.90339
21744.94,21589.68919
21746.27,21591.18371
21762.57211,21604.62
21747.35884,21594.37202
21737.88226,21579.72571
21744.30564,21586.10233
21765.2,21613.70117
21752.03376,21593.77421
21734.4,21579.72571
21741.79651,21583.61146
21741.3878,21587.49722
21743.30198,21585.10599
21744.13021,21592.8775
21752.84949,21595.1691
21757.15239,21598.85559
21747.41696,21589.61951
21754.78527,21601.94427
21753.53924,21595.26874
21779.61,21622.46904
21782.5808,21626.45443
21780.69,21632.63179
21782.26,21626.85297
21782.89,21631.03763
21786.88,21659.13464
21807.74841,21654.55144
21805.76091,21650.97
21817.67263,21660.53
21827.92739,21669.5963
21816.26751,21657.54049
21789.46999,21637.69
21781.03931,21623.96
21797.60838,21644.28906
21790.8344,21634.31
21796.3952,21639.26
21796.21856,21641.10074
21826.75316,21669.5963
21834.55238,21677.46745
21832.52668,21682.65
21826.90623,21668.75
21819.98103,21661.22697
21837.61,21679.46014
21832.72741,21673.88059
21831.12157,21672.28644
21820.28212,21661.52588
21830.72011,21671.8879
21847.4811,21688.52691
21850.59242,21692.39695
21839.95371,21689.37
21833.93179,21675.07621
21816.36788,21657.64012
21799.90798,21641.30001
21810.43922,21652.26
21848.88622,21689.9218
21848.77937,21691.61559
21860.32916,21701.97761
21869.86255,21710.74547
21910.2799,21752.29318
21901.4776,21744.71834
21907.80061,21748.40742
21969.12377,21809.28429
22051.62,21911.70886
22054.48,21899.35414
22043.26,21888.39431
22104.91794,21946.42579
22113.61,21953.58374
22114.8541,21958.94807
22134.42532,21973.3828
22128.90523,21973.93493
22147.87426,21986.73386
22151.25,21994.13898
22162.32686,22008.06034
22150.07,21993.90756
22095.56,21939.90712
22096.45024,21938.11208
22075.28,21919.18147
22100.48764,21941.40003
22103.9296,21946.08286
22086.5511,21930.76552
22096.38316,21936.51792
22083.43978,21923.30819
22065.27367,21919.09
22052.42692,21892.92097
22036.5946,21878.23157
22049.0145,21888.59358
22026.83378,21871.24824
22015.89397,21855.7141
22014.38849,21859.62482
22014.48886,21854.31921
22026.73342,21866.47466
22042.18967,21881.81842
22030.84839,21870.89
22033.95972,21875.16777
22049.36847,21893.37605
22050.41962,21889.98847
22057.31705,21898.05889
22035.06373,21881.36
22042.29003,21888.34
22042.79186,21885.95
22052.72802,21892.28007
22074.90873,21914.29936
22084.64853,21926.75371
22082.13503,21921.95901
22064.57111,21904.80624
22052.92875,21892.63443
22082.1838,21923.06722
22082.31714,21923.76467
22094.12,21936.51792
22111.14059,21953.9915
22107.18,21949.37081
22097.18982,21938.91295
22097.49091,21937.45313
22135.42353,21976.87001
22128.64,21973.3828
22140.74833,21979.65979
22116.35958,21957.27502
22128.40341,21967.40471
22128.00195,21967.26
22101.10406,21940.30404
22090.38,21931.73545
22082.87,21926.51
22072.90143,21912.30667
22085.57269,21925.65773
22127.80122,21971.8485
22131.0129,21972.89
22132.71911,21971.689
22122.90983,21964.37
22131.11327,21972.61
22128.30304,21968.51
22142.02,21981.55285
22158.74,22001.2054
22199.17,22040.95978
22146.86,21988.72655
22141.71,21989.40708
22162.17,22012.24037
22172.16,22013.23671
22199.4,22039.83921
22201.97113,22040.43701
22364.16136,22207.21225
22308.45865,22150.63618
22333.85106,22180.89578
22290.51616,22130.00869
22288.88743,22132.40008
22316.86061,22156.91009
22279.75419,22128.66957
22285.97684,22132.54991
22266.00415,22106.99963
22274.43483,22121.64
22272.12643,22115.29478
22281.86186,22126.43
22302.7017,22147.99818
22286.67939,22136.50532
22269.81803,22115.97628
22254.26142,22097.0619
22252.55521,22095.82
22250.54791,22090.18345
22271.12536,22114.98799
22278.99661,22119.3036
22252.85631,22099.10009
22242.11723,22085.55
22243.14796,22081.81278
22238.40371,22084.99471
22240.51138,22087.90871
22244.72672,22092.6
22233.28509,22080.55
22243.82344,22086.79648
22265.60269,22118.75
22220.43833,22073.46
22220.63906,22063.38
22232.3818,22070.62636
22235.39276,22078.35
22210.60254,22062.45765
22221.34162,22062.14
22209.50638,22063.51
22218.56721,22057.97274
22209.49852,22053.4
22207.59158,22054.81
22211.02121,22050.9983
22204.98209,22050.48131
22200.56602,22049.05666
22201.67003,22045.45
22197.75579,22040.52
22209.59889,22051.99815
22215.91666,22058.36
22207.89268,22050.64431
22209.51199,22051.4232
22219.13359,22060.58
22232.78326,22081.68442
22247.5928,22086.26902
22251.75229,22101.90686
22224.15185,22075.16132
22211.60619,22056.09
22195.24666,22047.47022
22194.14264,22040.32351
22182.50027,22025.5829
22179.79041,22020.2325
22175.17361,22015.27769
22179.69005,22026.77839
22184.80867,22027.81185
22199.56236,22046.59918
22184.20648,22038.51
22187.41817,22030.4
22186.51488,22030.84492
22192.13987,22035.86589
22222.64637,22067.53078
22224.9831,22066.36
22235.27121,22077.00298
22237.16294,22082.9306
22232.04657,22074.25
22243.32161,22088.98
22247.53695,22091.37
22245.42854,22090.61
22240.1995,22082.55038
22246.34447,22086.46529
22242.17695,22082.9083
22233.51586,22075.29
22242.21,22085.87048
22246.46132,22086.73988
22251.95302,22090.39491
22264.90014,22105.21
22286.67939,22128.64
22277.59643,22126.41
22286.01538,22132.20066
22298.86698,22145.26346
22293.70496,22140.12
22283.7688,22132.41
22291.29581,22135.19
22301.3716,22144.29
22306.04708,22148.84
22296.89319,22141.43
22284.97319,22131.29188
22285.07641,22126.94
22272.5279,22113.09688
22259.27968,22107.85
22256.8918,22096.5314
22264.10566,22107.11
22250.19674,22096.05
22267.54447,22110.21
22265.13006,22115.57
22289.17901,22137.62
22294.68307,22140.49611
22279.96479,22121.9
22274.81618,22116.61
22272.01419,22115.33
22268.20201,22111.59365
22276.94571,22122.29
22260.15796,22104.46
22251.27166,22095.93
22268.61,22109.88247
22252.05339,22095.84
22250.89313,22097.29
22244.58563,22085.18
22254.90029,22100.0
22251.55762,22094.71
22264.82809,22112.77
22268.15666,22110.28101
22265.40196,22108.32
22261.38735,22110.08
22272.43203,22117.51
22265.84913,22109.64
22258.14206,22099.77
22251.45119,22095.07
22244.78967,22086.14
22239.80883,22086.34
22218.73213,22059.58
22214.01496,22068.54
22210.80327,22049.23
22215.9219,22056.3
22182.701,22044.36
22184.26978,22023.89764
22162.42722,22005.11
22155.72944,22000.69
22167.61099,22010.34731
22172.92265,22015.22941
22195.14629,22033.66185
22175.39155,22035.63
22149.58032,22000.8
22123.05946,21978.20321
22075.00053,21922.61
22067.08025,21913.87
22104.91,21951.56278
22122.18282,21963.31
22087.85585,21932.91175
22075.51093,21923.07
22074.30654,21919.43838
22078.32115,21923.71
22048.11122,21887.69687
22028.71,21872.15384
22025.99662,21871.36
22018.20237,21861.82
22056.02,21899.74
22059.0779,21901.63
22059.38973,21904.79
22041.42867,21883.11367
22045.20062,21889.9
22045.34232,21889.7892
22050.82108,21896.42
22037.4725,21885.19
21997.02531,21842.90179
21968.72231,21832.33
21965.30989,21805.49816
21973.74057,21817.84
21968.62195,21818.46
21997.12567,21838.57
21970.42852,21814.4307
21952.26241,21792.54564
21956.37739,21801.6
21962.99,21824.42877
21981.26797,21827.11
22023.82283,21864.8204
22004.8538,21857.42
21992.01462,21832.29992
21983.57637,21825.24
21947.64561,21793.98
21943.43027,21785.11144
21946.34086,21792.59
21976.60995,21819.0485
21987.08915,21833.98
21999.43407,21839.37399
22005.79331,21846.44806
21990.7023,21835.13747
22004.05087,21844.28
22003.74978,21852.5
22003.14759,21845.08
22009.72,21863.18671
22025.12758,21868.68
22022.01625,21861.79182
22020.12,21864.28269
22025.02721,21867.22
22024.72611,21865.22
22034.46123,21874.84398
22037.7736,21885.39
22003.44868,21848.22386
22007.86475,21848.93
22013.48521,21853.32287
21987.59098,21832.91323
21985.38294,21829.49403
21985.88477,21825.9233
21985.48331,21826.94795
21999.81,21839.87217
21980.66577,21825.96218
21987.28988,21827.31818
21993.71326,21837.67
21995.72056,21842.4
22001.9432,21843.74
22006.96147,21846.8466
22001.44138,21851.27
21990.50157,21834.44
21973.9413,21815.95
21961.89747,21815.95
21981.36833,21822.64
21962.3993,21805.34
21983.476,21823.53206
21989.89938,21829.99
21978.95956,21822.32
21984.07819,21826.37
21965.51062,21826.7
21957.28067,21799.60414
21996.12202,21836.08605
22000.33736,21840.27071
22006.76074,21852.72
21994.81727,21836.00693
22010.57462,21857.03
22010.97608,21856.07
22013.08375,21856.65
22015.39215,21857.42
22006.76074,21849.47
22004.45234,21847.32
22005.95781,21848.17
22027.41,21868.43562
22102.00735,21953.42874
22083.76,21926.85335
22096.3869,21940.1836
22069.38865,21919.26617
22050.82108,21903.3297
22054.83569,21897.75919
22040.38309,21880.02499
22040.78455,21884.99
22039.7809,21896.71
22046.80647,21886.40162
22062.36308,21905.23
22060.05468,21907.0
22060.15504,21902.87
22062.46344,21904.85
22071.59668,21915.59
22062.36308,21902.22
22076.71531,21924.4
22074.40691,21915.51
22095.58397,21938.68
22116.25921,21957.88
22103.41246,21943.52
22104.91794,21948.21
22106.93,21946.68067
22128.10231,21967.1058
22134.32496,21975.55
22138.54,21981.25394
22120.77565,21963.13
22092.57302,21936.5109
22081.69,21921.97124
22086.14964,21925.45846
22059.25176,21904.91
22060.8576,21900.35049
22040.98528,21884.26
22049.6,21891.7819
22073.19093,21913.80119
22064.10967,21908.42091
22087.62962,21929.54349
22083.13868,21924.93
22085.44708,21924.76102
22082.83759,21923.34
22084.94526,21925.11
22068.38499,21908.58
22061.76089,21909.59
22057.04372,21899.6023
22063.26637,21902.74173
22073.99,21915.59461
22083.64051,21922.96759
22092.77375,21936.04552
22083.33941,21925.53
22072.3996,21916.63
22090.46758,21930.51
22091.87269,21931.63992
22087.15552,21932.62863
22088.98,21929.64091
22091.37086,21932.70895
22082.79,21933.02849
22101.10629,21940.30183
22105.7231,21946.30028
22085.68,21930.73689
22095.2,21936.11717
22084.44,21930.82596
22057.78,21904.03477
22066.07882,21905.61332
22056.65194,21897.56
22037.07326,21881.02
22028.54221,21869.59569
22038.93,21879.82352
22038.25707,21880.9
22037.96,21878.329
22012.51175,21854.51629
22016.95,21857.7046
22019.74,21860.59401
22029.29,21871.55383
22038.78414,21878.6279
22024.8,21867.07027
22012.58413,21852.42396
21999.33592,21841.58716
21997.42898,21838.24
22005.65893,21851.23156
22006.26112,21846.14696
22000.13884,21840.06924
22001.04213,21840.96596
22005.85966,21847.16
22016.55,21861.29145
22025.02943,21866.22
22043.1472,21886.49905
22068.48758,21907.92053
22067.13069,21909.01651
22092.51089,21942.19489
22104.81981,21945.98
22109.24333,21955.14741
22105.33048,21952.65654
22108.0315,21947.17663
22123.59032,21973.38057
22141.2524,21980.15574
22158.89701,22007.15676
22155.90573,22001.13
22156.54297,22005.5
22134.63791,21984.13
22119.08481,21966.70504
22117.84706,21963.65
22118.78195,21960.24
22118.51,21961.82294
22136.2133,21983.5
22138.34181,21979.16
22136.4391,21979.7572
22136.42476,21979.85683
22117.10363,21962.91892
22116.38884,21962.22148
22132.39325,21981.65026
22151.35265,21993.30753
22150.28527,21989.12287
22128.30528,21972.62
22127.1009,21973.11
22144.93699,21985.46
22132.62099,21974.88
22146.82,21990.51776
22153.10451,21997.38
22157.7123,21997.03
22152.66,21997.69146
22171.76344,22011.8
22184.50983,22024.42327
22167.54,22009.14946
22148.98052,21988.53
22137.63925,21980.03398
22144.28,21987.42908
22147.37468,21991.41
22140.65021,21980.14
22142.65751,21981.55063
22161.60455,22002.27466
22160.008,22001.47758
22165.52742,22005.86151
22174.40621,22016.02
22174.1722,22012.83595
22158.91668,21999.67
22147.66297,21989.02323
22140.39,21979.85683
22127.95153,21968.39884
22148.75854,21995.39986
22136.83633,21979.8
22143.89563,21991.5141
22155.96513,21998.74
22142.89234,21985.15
22118.37895,21959.73061
22126.15618,21972.68313
22124.54048,21972.8824
22128.908,21973.97838
22125.9764,21968.79737
22113.27618,21959.63098
22108.73399,21954.5496
22121.35308,21965.83
22117.9124,21963.21783
22114.65295,21961.09
22112.34323,21958.73426
22127.07,21982.54697
22139.84728,21979.74
22118.23029,21958.8339
22110.94209,21950.06604
22108.18255,21948.97005
22101.40739,21940.60073
22099.96267,21940.70037
22109.79672,21951.26165
22108.4,21947.77444
22108.43296,21947.57517
22114.05341,21953.15471
22124.67838,21964.41344
22128.29726,21967.50212
22127.1009,21966.10724
22122.14,21964.21417
22126.39834,21965.40979
22130.21222,21969.37
22138.25836,21983.94186
22126.4987,21968.19
22107.53,21947.57517
22107.93113,21947.78
22112.94939,21954.14
22096.38913,21938.09
22092.07342,21938.09
22082.03689,21921.91
22080.02959,21919.37853
22059.85617,21902.66
22044.29956,21883.90854
22030.49,21873.54653
22011.98194,21851.82615
21993.6151,21833.59298
21990.50378,21830.5043
21981.16981,21821.23827
21990.30305,21830.30503
21977.5,21818.04996
21982.77565,21822.83243
21983.32,21823.6295
21979.06214,21819.14594
21963.68,21806.49232
21906.69878,21747.30926
21913.92508,21754.48297
21915.51,21759.86325
21914.92874,21755.47932
21894.3,21739.03958
21912.58,21758.76726
21906.02,21751.49392
21903.68783,21744.32022
21937.61128,21777.99678
21925.76818,21766.23987
21906.8,21749.50123
21895.24,21736.05053
21905.19331,21745.81474
21871.36,21719.01299
21867.95779,21708.85024
21864.74611,21705.66193
21871.67131,21712.53673
21875.68592,21716.52212
21887.88,21730.57062
21874.68227,21715.52577
21855.41214,21696.39589
21843.6694,21684.73862
21864.61,21706.06047
21866.95414,21707.85389
21871.88,21715.52577
21860.4304,21701.37763
21847.38292,21688.42511
21854.50885,21695.49918
21859.52711,21700.48092
21860.02894,21700.97909
21860.33004,21701.278
21845.37561,21686.43241
21833.33178,21676.84303
21799.60905,21640.99895
21815.26603,21656.54198
21840.35735,21681.45068
21821.28795,21662.52007
21832.93032,21674.0777
21826.60731,21667.80071
21811.35179,21652.65622
21822.09087,21663.31715
21847.98511,21689.02292
21855.8136,21696.79443
21842.06356,21683.14447
21850.69497,21691.71306
21854.20775,21695.20027
21852.40118,21693.40685
21861.23332,21702.17471
21857.66701,21699.93631
21860.97897,21703.22436
21851.44455,21693.75877
21865.89672,21708.10661
21865.59563,21707.8077
21858.57027,21700.83305
21882.55685,21724.64648
21883.51,21734.41098
21883.86156,21725.94177
21890.58583,21732.6175
21886.37062,21728.43271
21861.43,21709.60118
21848.75,21693.55949
21844.45462,21685.95184
21856.69906,21698.1074
21844.05316,21685.5533
21832.10982,21673.69664
21838.43276,21679.97369
21849.87429,21691.33217
21856.2976,21697.70886
21880.38502,21725.8
21874.96535,21716.24111
21867.96,21712.05641
21885.00178,21726.20469
21908.29243,21751.71145
21906.88119,21747.92529
21907.78446,21748.82201
21919.02526,21759.98122
21912.52,21754.50125
21899.75532,21740.85115
21910.89576,21751.91072
21905.47609,21746.53039
21918.47897,21759.68231
21910.69503,21751.71145
21909.0892,21750.11728
21898.45059,21739.55589
21896.04185,21737.16463
21903.87026,21744.93622
21918.9249,21759.88158
21897.8484,21738.95807
21871.65333,21712.95313
21868.24095,21709.56552
21861.918,21703.28846
21866.53476,21707.87171
21866.1333,21707.47317
21855.19359,21696.61287
21847.66628,21689.14018
21857.62,21699.30303
21847.46555,21688.94091
21845.0568,21686.54965
21860.91436,21702.29211
21862.01836,21703.3881
21875.56754,21716.83893
21894.53638,21735.67009
21890.8229,21731.98357
21895.64039,21736.76608
21898.65132,21739.75516
21906.279,21747.32748
21905.17499,21746.23148
21886.70797,21727.8985
21886.80833,21727.99814
21896.34294,21737.46353
21925.46,21769.54625
21920.12927,21761.07721
21939.75281,21781.40291
21940.70394,21781.50255
21938.09447,21778.91202
21926.05076,21766.95572
21923.94311,21764.86337
21936.8901,21777.71639
21933.97953,21774.82695
21932.27334,21773.13314
21921.03255,21761.97394
21933.27698,21774.31
21943.9156,21784.78
21959.47206,21802.71
21969.80957,21810.39692
21953.04874,21793.75775
21946.62543,21787.38106
21953.65093,21794.35556
21966.0961,21806.7104
21953.14911,21794.24
21949.83709,21790.5694
21944.71851,21787.24
21957.26404,21797.94245
21955.45749,21796.14901
21953.14911,21793.85738
21969.50848,21810.09801
22009.85491,21850.1516
22016.0775,21856.32901
22016.57932,21857.19
21993.897,21834.62355
22005.87,21846.2658
22021.69789,21861.90862
21994.49918,21834.90732
21977.73835,21822.06
21969.90994,21812.77
22006.34216,21846.66434
22011.26001,21851.5465
22014.77276,21857.17
22001.82577,21846.58
22018.18515,21858.42137
21995.10137,21835.50514
21984.0613,21824.5452
22015.83091,21858.81991
22020.04,21861.60971
22019.37,21860.41408
22024.60846,21867.4
22031.2325,21871.37402
22030.52995,21870.67657
21997.71084,21838.32087
22009.55382,21849.85269
22016.37859,21858.97
21999.18043,21841.58292
22013.16693,21853.43958
22006.64326,21847.3
21984.0613,21828.3044
21994.94,21837.49785
21996.60683,21840.55
21992.09044,21836.75
21987.77478,21835.06
21984.86421,21825.55
21997.60093,21843.57563
22010.95892,21853.64
22013.36766,21853.63885
22009.45346,21849.75305
22008.95163,21849.25487
22024.30737,21864.49915
22019.38952,21859.61699
22026.71611,21873.52
22025.14,21868.38494
22010.15601,21853.23
22005.03743,21845.36908
21990.19,21835.8
21994.31,21839.81
21983.76021,21824.24629
21984.56312,21825.04338
21996.84,21838.49421
21990.08315,21830.52335
21981.35146,21821.85504
21979.846,21820.3605
21983.47,21826.53792
21986.5704,21830.43
21985.76749,21827.67
21994.8214,21839.88911
21998.43,21839.78948
21987.57405,21832.0
21978.36488,21818.9656
21967.70192,21810.23
22015.87677,21856.12974
22001.02286,21841.38365
22005.63961,21845.96689
22005.84034,21846.16617
22008.55018,21848.85633
22013.56,21854.23666
22022.7633,21866.69113
22024.40773,21866.28
22032.53723,21872.66928
22044.27985,21884.32667
22052.10826,21893.03
22070.47492,21910.3316
22052.10826,21894.31
22052.40936,21894.56
22063.2487,21904.44
22052.10826,21896.37
22049.59916,21889.60736
22033.74161,21873.86491
22030.52995,21870.67657
22033.94233,21874.76
22036.15035,21876.25617
22025.81283,21870.98
22020.69425,21860.91226
22019.89134,21860.11517
22010.84651,21862.95
22039.00738,21888.3121
22047.45358,21895.48587
22049.00209,21895.58551
22066.80408,21912.22468
22062.03031,21903.75564
22064.72699,21907.94034
22084.16913,21924.47988
22072.5354,21912.62323
22066.09686,21906.94399
22053.57583,21898.57458
22058.69304,21903.15783
22065.45671,21905.43
22052.30899,21892.34
22047.7926,21888.46
22041.16856,21888.38
22055.16207,21899.55
22060.94032,21900.8662
22066.47506,21908.6378
22064.15198,21904.05455
22062.24505,21902.16147
22042.57366,21884.06
22040.66674,21881.99
22039.46237,21884.75
22051.07268,21895.37
22061.84,21911.62687
22058.13012,21898.78
22053.71409,21897.61
22054.11555,21894.09097
22104.29768,21943.90886
22094.66271,21936.39
22084.52592,21928.12
22075.69386,21920.0
22051.30535,21891.30117
22051.00426,21893.48
22062.64651,21904.21
22046.08641,21891.87
22069.67201,21910.1
22057.72866,21901.96
22044.17949,21885.96
22043.17585,21883.44
22042.37293,21882.43359
22041.16856,21881.23796
22066.74585,21909.63415
22061.44214,21901.36438
22043.97876,21889.13
22047.89297,21887.91355
22070.67565,21915.17
22060.74,21900.8662
22072.35668,21915.41303
22074.77,21917.40574
22093.45834,21933.1482
22086.8343,21926.57223
22073.18476,21913.02177
22081.23,21922.5868
22101.93,21941.81651
22099.95,21943.53
22113.63155,21953.65
22111.02208,21950.58446
22109.61698,21949.18955
22119.33798,21967.59
22112.58505,21955.26734
22111.12343,21958.64
22098.99474,21943.06
22092.41538,21938.8
22102.78731,21951.5
22110.97454,21960.84694
22149.09626,21994.09
22133.41124,21982.1
22160.4013,22003.81
22190.91203,22038.88
22184.18763,22029.21
22183.78617,22028.03
22179.26978,22024.48
22199.54336,22042.13
22211.88816,22050.71841
22217.20747,22055.9991
22217.31569,22059.38672
22233.56684,22072.23973
22238.97,22082.90076
22259.05936,22097.54722
22273.71255,22112.09404
22262.67248,22104.93
22278.48424,22119.56672
22275.11765,22113.48894
22284.14,22130.22775
22255.44625,22094.86
22237.24,22084.59457
22273.21,22123.35288
22302.31636,22140.49024
22291.22,22129.62994
22301.81454,22139.99206
22322.58994,22160.61666
22320.48229,22158.52431
22302.71782,22140.88878
22305.42765,22143.57895
22299.50616,22137.70044
22307.93,22153.24362
22305.22692,22147.93
22279.23258,22129.09
22261.56847,22100.03811
22299.60653,22137.80007
22302.41673,22140.58987
22332.72673,22170.67988
22293.58467,22131.82192
22301.98106,22143.77822
22300.5098,22138.69679
22266.53815,22110.20096
22248.59374,22094.45851
22250.94472,22093.46215
22236.57777,22075.22881
22235.58253,22076.02589
22249.95344,22088.58
22237.98287,22076.62371
22236.67814,22075.32844
22233.14944,22072.23973
22222.12532,22060.88126
22240.93793,22080.5095
22248.17891,22086.88619
22264.5794,22103.02719
22240.49198,22083.96
22242.90072,22088.46
22209.57979,22055.97
22195.82988,22035.51
22174.53258,22017.24079
22177.7734,22021.82403
22184.28799,22023.31857
22200.6981,22044.93953
22203.65829,22047.14
22193.01968,22034.15
22191.51422,22030.49235
22188.60366,22027.60291
22189.3062,22028.30036
22186.89746,22025.9091
22199.0513,22038.76211
22221.23101,22061.37943
22221.91158,22061.57871
22222.22568,22060.98089
22215.30055,22054.10602
22207.17104,22046.03553