Start Time: 2022-06-15 18:11:14.503547; End Time: 2022-06-16 03:32:39.712207;
Size: 3255; Interval: 10
ask,bid
20422.96472,20280.00417
20439.72809,20295.55
20372.77498,20233.99553
20413.22791,20271.17
20359.62527,20215.2
20358.5211,20220.4603
20421.35864,20270.66
20337.14027,20200.1088
20335.73496,20192.94
20344.8,20202.31605
20352.73,20217.35877
20394.39,20243.06091
20366.04956,20237.34
20371.78,20233.99543
20400.98283,20255.78
20420.39,20266.27253
20561.71,20457.08473
20714.25009,20568.36
20659.6,20515.22459
20582.16655,20433.89449
20544.19,20396.22481
20576.29539,20424.51964
20537.55242,20396.55
20480.14055,20329.64
20471.55056,20331.87
20454.34158,20314.26
20590.84395,20439.36962
20625.77249,20474.04109
20581.40922,20447.83
20611.92152,20462.16977
20548.5772,20401.11144
20611.25887,20471.35106
20712.39128,20569.23
20693.60175,20544.47998
20734.63708,20584.23262
20704.18039,20557.43197
20704.26136,20554.33744
20671.23983,20528.15
20659.23674,20511.50223
20720.11972,20572.21
20776.0349,20626.0775
20743.8069,20591.20677
20754.64679,20602.6041
20717.10864,20565.74907
20765.94511,20620.59782
20760.09,20613.17865
20732.42,20597.28424
20681.86104,20533.42098
20666.4221,20514.39152
20708.87835,20558.74
20666.82357,20523.52
20660.58832,20510.55
20688.08924,20537.64
20685.11882,20545.09045
20741.83651,20590.82141
20719.9034,20573.98365
20696.11871,20547.46
20712.73115,20569.40059
20745.31142,20602.1
20753.32865,20608.35
20714.08464,20567.84
20719.00269,20571.56
20702.34155,20553.02
20668.31668,20535.61
20620.84247,20482.0
20592.03676,20453.89
20609.90232,20472.85288
20629.77525,20481.62
20605.18501,20486.73
20621.74578,20472.84993
20612.01005,20467.90559
20608.59753,20459.81664
20593.74302,20450.73728
20602.89,20453.03072
20548.37654,20407.47854
20557.53,20412.87913
20589.42718,20438.38486
20557.10858,20411.75
20562.02663,20415.20912
20590.53123,20439.79
20610.30379,20467.36755
20612.813,20468.07826
20611.53771,20465.88321
20674.43915,20529.95
20673.23473,20530.93
20652.01165,20506.39
20646.33602,20498.57724
20649.56215,20503.58
20677.65094,20532.06
20685.17856,20538.56
20739.06,20590.42288
20730.91787,20592.03
20736.03696,20589.32694
20765.94576,20614.96
20762.74,20643.02844
20841.79614,20704.20233
20866.24302,20720.88
20807.97931,20682.06
20871.42321,20733.45
20829.40784,20679.93994
20796.89548,20659.08
20798.23762,20651.09861
20829.77259,20685.17266
20814.01189,20668.75
20797.81772,20647.04
20796.16738,20653.29051
20817.28367,20677.60065
20804.43864,20659.56731
20793.65686,20641.81249
20798.39403,20645.81813
20820.15521,20677.40139
20804.91842,20656.36
20785.27863,20644.02476
20771.99716,20627.38
20706.25591,20558.10016
20728.64909,20585.64056
20699.83234,20550.76317
20700.73796,20552.56283
20625.25867,20481.49094
20638.34,20498.2908
20660.66,20530.14322
20693.3084,20544.0698
20630.8793,20496.61
20616.01,20474.99078
20587.04,20445.90883
20578.68777,20432.5424
20525.9944,20380.14964
20511.36,20407.89665
20507.9281,20375.34999
20557.40969,20410.80324
20567.64,20423.44009
20598.15923,20450.49312
20617.69,20477.4405
20656.87469,20509.08382
20624.05425,20518.39
20616.36,20495.32443
20696.17,20553.45951
20677.10681,20529.84679
20653.1,20545.98713
20696.19,20572.8877
20723.95287,20575.78
20703.04412,20558.65199
20756.64487,20611.04665
20751.71944,20605.06875
20771.22084,20622.10578
20810.03676,20664.12
20806.12239,20665.44
20788.38669,20678.3
20764.66562,20615.92861
20811.01673,20663.15405
20855.89877,20739.37233
20878.4581,20745.28
20854.85825,20722.53
20869.75956,20741.86312
20823.89617,20681.31764
20835.25468,20709.28354
20937.36666,20814.48
20980.45129,20863.41383
21056.76098,20945.21148
21110.82528,21004.39273
21155.22421,21002.89826
21201.01,21067.45962
21199.16477,21043.64763
21134.32683,20993.25538
21186.41799,21030.9944
21120.27526,20973.91346
21125.46219,20974.70248
21107.52848,20964.52125
21141.87725,20991.6
21179.97044,21053.51117
21231.18226,21092.48
21255.11262,21125.64455
21288.07477,21144.67421
21406.52574,21255.98
21438.56175,21351.90819
21446.58883,21322.07
21517.96099,21397.47
21487.27315,21373.82717
21422.27321,21289.6
21515.11,21376.61686
21523.07393,21439.68374
21613.98709,21522.65
21605.55615,21449.21
21608.2557,21504.2451
21591.46691,21490.77
21598.12763,21460.10825
21518.53214,21397.24063
21497.0091,21348.02256
21539.19328,21391.36236
21641.07329,21537.02394
21626.9757,21626.19433
21810.57383,21654.42367
21741.56578,21694.87598
21814.36607,21740.7
21934.21304,21869.0357
21957.78978,21864.95
21953.5192,21848.11263
21953.5192,21886.87014
21953.5192,22027.1544
21953.5192,22146.45105
21953.5192,22272.85112
22323.34557,22160.4643
22315.11552,22146.11661
22319.02981,22156.18005
22186.64661,22024.76319
22045.13008,21884.27966
21981.59819,21834.75
22011.60772,21851.002
21946.38,21800.48771
21803.64868,21647.85
21803.54831,21644.46132
21709.70579,21551.3038
21772.23402,21614.32
21724.86111,21566.34849
21727.67136,21569.13823
21800.13586,21641.07377
21888.8597,21729.14997
21918.13,21780.6606
21835.56517,21676.24447
21924.38938,21764.82
21813.98641,21675.08
21883.74101,21724.06866
21893.07508,21733.33459
21925.86071,21760.66
21850.18473,21699.68
21804.51819,21643.24866
21853.49681,21697.41
21793.87939,21629.62
21731.75283,21574.94
21760.25678,21598.49578
21707.5981,21568.13
21768.37,21653.42835
21770.82889,21611.98073
21665.14314,21581.9
21646.67574,21488.73382
21690.93729,21541.35
21645.27061,21487.41
21632.92555,21475.08401
21545.50648,21388.30304
21483.07862,21376.21
21469.34,21318.85834
21563.57241,21406.23711
21504.95848,21411.29
21530.25079,21377.33
21493.41635,21336.59314
21454.48,21309.49277
21452.97,21303.71401
21491.60976,21334.79973
21450.25883,21305.82
21507.29,21380.03344
21516.28,21359.70816
21537.44,21404.1448
21531.45519,21378.21
21521.01,21384.61659
21587.6,21443.59975
21666.64864,21509.57
21623.49111,21465.71844
21647.27793,21489.33163
21682.47435,21528.45
21721.81716,21564.21
21702.44685,21548.33
21623.83,21473.22191
21663.40513,21506.20133
21606.0971,21449.30934
21615.63171,21458.77473
21565.65028,21409.15615
21554.81,21422.60697
21596.66285,21439.94358
21590.3399,21433.66654
21527.31111,21377.3296
21537.94972,21381.6567
21459.66555,21319.75256
21448.52511,21298.80888
21437.98686,21298.91762
21505.13059,21349.07582
21555.92,21400.68712
21564.04445,21409.43
21561.45221,21404.55578
21597.80602,21444.31002
21584.13478,21427.07322
21607.89816,21455.56874
21570.88655,21416.35193
21589.10386,21430.41
21567.39315,21423.0114
21602.30091,21453.57038
21584.43587,21427.37213
21631.11365,21484.68
21680.28478,21529.73
21705.36218,21554.40635
21668.24094,21510.56709
21650.47627,21498.0
21606.81735,21449.59066
21605.5126,21449.03
21577.61103,21420.59697
21593.00513,21443.91148
21549.20764,21400.15889
21525.82251,21373.5
21530.84078,21381.99681
21535.95941,21379.24857
21517.69292,21361.11506
21540.77695,21393.79
21548.80618,21395.03173
21543.98864,21393.08
21575.60372,21425.13
21625.7864,21468.42162
21633.0127,21475.59532
21571.59026,21418.00646
21580.82272,21423.78528
21594.59,21438.43158
21614.44511,21457.1629
21551.11458,21407.88464
21564.16207,21407.24592
21589.8556,21432.7524
21618.259,21462.26
21594.17131,21438.36
21545.39375,21389.34
21609.62879,21457.1629
21583.23149,21436.92
21567.17304,21413.42
21623.37,21492.13467
21688.51474,21530.6933
21645.85947,21492.85263
21659.50916,21503.47437
21706.17904,21548.229
21744.53313,21589.8763
21774.42748,21622.07793
21787.77607,21631.64677
21788.17753,21629.63054
21781.55342,21623.05465
21716.91814,21575.93
21701.26114,21560.56443
21671.2519,21516.28328
21626.89042,21479.65
21640.03828,21482.56974
21668.24094,21510.56709
21680.22582,21518.97192
21734.7462,21583.83431
21720.23023,21559.12483
21737.18985,21576.76023
21728.37,21577.62124
21724.2663,21590.87
21724.38525,21562.61206
21719.09,21571.97775
21725.40014,21568.44
21782.63491,21623.88759
21765.6957,21609.51
21708.30457,21549.6595
21687.29852,21530.67
21711.3131,21556.54
21744.21751,21585.99055
21723.34152,21568.09
21681.48917,21529.68662
21722.61424,21567.53
21725.64992,21567.55813
21699.25,21549.32499
21652.58395,21509.67032
21673.96177,21516.24627
21658.10404,21508.40709
21619.16229,21463.54
21563.55988,21419.56151
21576.10555,21419.10245
21630.30284,21473.24
21660.01098,21505.36693
21649.57299,21492.03504
21667.50731,21517.44188
21685.68567,21531.24963
21668.04021,21510.36782
21694.97026,21539.59637
21669.17972,21514.97316
21682.41,21533.43507
21646.74465,21505.94216
21658.58764,21501.41882
21635.00202,21487.97922
21619.0907,21472.32519
21627.57506,21476.1757
21652.46542,21495.34104
21692.61115,21544.07
21696.82645,21543.47175
21668.92517,21530.46518
21694.7188,21538.67
21689.70058,21536.3716
21699.03446,21542.76487
21707.26434,21552.60045
21702.3452,21547.94869
21725.20166,21574.94997
21683.37763,21526.02884
21664.50914,21513.79
21621.95466,21465.05178
21623.66086,21466.74559
21657.60094,21501.11991
21625.76851,21469.31311
21599.87451,21452.85765
21606.29783,21449.50861
21643.43263,21486.37382
21643.63336,21489.49405
21660.89602,21503.71044
21657.38327,21500.22319
21612.01859,21460.02723
21643.82695,21487.03
21658.88159,21504.35
21670.22037,21524.16
21653.15845,21496.04794
21672.42838,21515.24169
21676.54331,21519.26308
21719.8003,21562.20611
21723.01196,21565.39445
21777.17598,21627.26828
21704.84603,21547.36037
21735.45712,21577.74929
21740.1493,21583.32889
21751.5154,21593.69102
21803.48223,21646.66
21795.57928,21642.9111
21789.85454,21631.75189
21803.71927,21660.74591
21820.62269,21673.30002
21811.35,21654.36922
21799.56989,21649.78597
21812.73758,21654.46885
21798.17323,21654.96703
21805.82,21682.36687
21843.67439,21696.01698
21860.11336,21714.57334
21871.6,21716.69
21881.46038,21729.31947
21895.91,21740.57834
21883.49437,21735.52627
21872.11,21727.90043
21922.83715,21773.06
21864.3248,21716.16682
21859.40695,21705.15712
21833.31225,21675.72538
21892.52715,21733.67931
21901.25884,21749.64753
21950.83877,21799.89
21965.39159,21806.01489
22000.88064,21845.47067
22021.1941,21865.73
22021.69593,21862.84014
22028.31997,21873.93
22019.08646,21863.69
22039.64,21882.34812
22003.91,21842.04663
21922.17339,21772.32
21953.82517,21794.96
21969.36661,21799.66
21990.65162,21840.1
22009.40794,21851.36
22005.45,21845.15
22004.05426,21841.74
21962.92198,21800.4219
21913.84573,21754.15
21918.60213,21769.27351
21907.21,21746.40845
21882.52828,21719.271
21897.00193,21738.9
21921.17,21767.32
21958.00445,21798.22
21995.71459,21839.218
21976.04593,21818.69298
21922.84014,21761.25
21924.16112,21764.88953
21895.48261,21733.4237
21892.48521,21728.66
21870.94378,21714.55
21916.26248,21761.07915
21936.59846,21782.94
21954.55225,21800.36
21985.54506,21826.56422
22024.80722,21864.99928
22033.13745,21878.90122
22075.9,21945.62926
22124.16781,21967.01542
22131.22629,21969.37202
22147.06142,21987.54
22190.33995,22042.35099
22258.05371,22101.08
22236.37503,22084.96
22226.13788,22064.86868
22166.22043,22051.57
22236.02,22084.79584
22230.91,22072.24173
22213.79308,22080.01
22176.85904,22021.82995
22177.36086,22017.19972
22239.20718,22079.01696
22252.53368,22091.07289
22228.0448,22077.68304
22274.31272,22112.69386
22177.36086,22021.83186
22159.18305,21998.43635
22159.80609,22005.55368
22164.25423,22004.41451
22198.2553,22035.40131
22163.79023,22015.46
22148.81733,21985.68925
22173.91486,22006.62
22157.7139,22018.34
22123.54878,21987.44
22099.63866,21937.93847
22080.06817,21922.14008
22049.58673,21900.02202
22055.11722,21901.04
22059.23215,21909.61
22058.71325,21901.46598
22034.44218,21874.56432
22017.95,21862.60802
22037.55348,21877.65303
22033.17,21881.33955
22016.37662,21879.62
21990.58301,21879.62
22013.27112,21856.1317
21989.76071,21829.75257
21989.30981,21828.35767
21994.10317,21842.57
21990.86834,21828.45731
21979.68644,21818.01
22008.36979,21852.96777
21973.75298,21817.55
21926.00011,21773.23
21915.93286,21762.69754
21919.02575,21760.41251
21930.77,21774.72683
21949.57675,21796.05
21970.21152,21818.77591
21956.46162,21797.94
21950.43976,21795.81
21928.66072,21769.54577
21906.27949,21747.32699
21904.94,21749.5516
21883.69753,21724.90894
21891.38818,21739.2565
21887.91283,21729.09365
21854.66,21699.14406
21853.58825,21695.01821
21881.98476,21730.78746
21886.86,21729.7911
21871.85455,21713.15192
21881.51,21731.38527
21888.8,21730.38891
21872.15564,21713.45083
21880.02194,21725.30749
21881.081,21726.80202
21840.47,21696.61239
21851.42,21698.50547
21869.40066,21722.11914
21878.07713,21731.81
21834.63,21678.08013
21838.46,21702.19199
21845.69993,21695.61603
21884.0835,21736.16779
21881.25,21729.59183
21883.53007,21734.97216
21906.99505,21751.91024
21917.18,21774.82647
21944.31754,21792.94
21905.6773,21752.93
21867.03706,21708.36941
21846.84204,21693.92222
21849.2692,21693.22477
21838.43325,21679.97321
21816.75457,21658.45189
21798.77,21644.60251
21806.81851,21650.07
21781.22562,21625.71186
21800.59592,21642.41053
21819.03891,21662.23
21795.8788,21645.13
21817.48,21666.92093
21828.79828,21671.7
21826.25438,21673.29762
21853.68,21710.66103
21854.09,21703.48725
21859.50543,21713.15192
21794.8,21643.10798
21772.2932,21614.31324
21740.87919,21583.12724
21755.48856,21599.56714
21737.96863,21580.2378
21760.76326,21608.13582
21694.41054,21536.99588
21704.99467,21549.74926
21685.3515,21527.50445
21686.65623,21529.08755
21670.38542,21518.76253
21642.94134,21496.9423
21631.65824,21482.29584
21676.74643,21519.45998
21691.29925,21533.90717
21675.54206,21518.26435
21693.32684,21539.38714
21703.41835,21549.74926
21708.66226,21551.14416
21677.85043,21520.55598
21697.02,21545.66419
21693.07,21536.4977
21666.40891,21509.1975
21677.92869,21521.95088
21695.10824,21547.05909
21723.79092,21565.22592
21714.65779,21557.07055
21677.44898,21524.71992
21653.96374,21496.84266
21666.25804,21513.48184
21723.26462,21574.25966
21725.52346,21567.88297
21731.85,21578.544
21741.88283,21584.1236
21737.66753,21579.9389
21697.02001,21540.95
21697.12037,21545.31
21701.69,21556.22558
21741.78247,21584.02396
21770.8881,21620.17
21768.27863,21610.32781
21754.52873,21596.67771
21748.40651,21593.35122
21732.24786,21576.58406
21763.00048,21610.0289
21748.40651,21590.59992
21755.93383,21598.07261
21733.05078,21593.34
21744.08,21591.35
21730.7424,21573.06403
21731.24422,21573.56221
21741.27026,21593.29009
21746.09813,21588.3083
21737.0,21590.50029
21764.66552,21606.74092
21755.7331,21597.87334
21734.71,21578.04582
21688.08759,21553.30054
21656.27212,21499.70697
21718.0965,21560.50992
21712.5,21556.12595
21719.10014,21565.05
21744.04213,21593.29009
21769.24864,21619.59393
21768.42287,21618.0994
21767.77681,21609.82963
21744.19121,21588.22
21722.51253,21577.95
21690.54,21541.59857
21669.92166,21521.61395
21659.91,21505.21207
21664.40162,21507.74
21631.95,21475.42097
21607.79618,21465.73126
21611.4093,21458.04405
21605.56,21449.91421
21613.41658,21460.19072
21582.58,21433.10149
21590.7,21444.73315
21636.73,21484.45187
21698.22438,21541.11
21748.20578,21593.55
21727.83184,21570.17459
21729.98711,21572.36658
21719.30087,21561.70555
21734.55624,21580.66425
21752.32071,21597.79105
21746.19849,21588.40794
21726.72783,21577.3691
21739.61,21582.94263
21727.33001,21579.3
21733.9,21585.33056
21731.74604,21578.24098
21751.34,21596.47844
21725.29,21569.35106
21734.25515,21577.89
21732.05,21581.85004
21728.03256,21573.16585
21717.79541,21560.21101
21752.92,21595.98026
21744.59267,21588.26602
21739.77518,21586.82476
21731.44495,21580.38652
21751.41744,21594.54
21741.6821,21588.71867
21760.75131,21606.88443
21778.51579,21626.96508
21790.86059,21632.74586
21790.05768,21631.94877
21795.97917,21637.82728
21795.07589,21644.02985
21804.20904,21647.74137
21806.84,21650.783
21820.66,21663.63295
21830.93,21678.08013
21830.7052,21673.72732
21818.96258,21661.89407
21821.58,21668.81641
21824.4802,21674.99814
21807.41828,21659.3383
21778.74,21624.12165
21768.57732,21614.82237
21771.48788,21613.89553
21743.78735,21593.52551
21741.25,21584.92307
21743.68,21588.54001
21747.40046,21596.71205
21750.73,21595.48446
21774.69954,21617.38297
21754.62669,21608.15938
21750.86,21595.75729
21752.72,21596.28155
21733.24911,21581.99253
21743.3859,21590.89475
21766.16858,21608.23784
21779.71775,21623.47
21753.52268,21606.01117
21760.74891,21604.00971
21765.96785,21612.1891
21740.71,21599.59691
21746.19609,21599.09313
21735.85858,21586.99061
21707.65623,21559.80481
21686.83,21553.17136
21657.3,21515.30435
21648.03987,21501.01845
21677.84805,21525.57579
21681.96298,21532.86606
21679.9557,21529.50468
21655.2661,21525.85657
21620.13861,21475.02248
21605.05,21460.80282
21621.19,21472.7168
21599.16249,21454.69564
21582.10057,21440.14229
21556.00587,21423.3325
21564.3361,21413.07704
21549.88365,21396.27322
21554.8015,21407.48462
21537.63921,21386.19
21560.71,21408.76698
21582.1,21430.88613
21616.7,21462.66995
21573.97107,21417.4353
21558.51497,21410.80472
21542.95852,21393.14137
21532.56,21380.09919
21547.07345,21390.7329
21547.37454,21394.80641
21544.56435,21397.08519
21531.01,21379.97224
21497.28,21352.97094
21511.43,21356.35855
21546.3,21390.93217
21543.66107,21388.27
21518.06819,21371.80963
21564.13537,21407.67099
21591.69,21436.16683
21567.1463,21414.41
21544.46398,21399.11821
21571.16087,21414.64549
21561.22481,21409.64
21556.52,21406.17645
21590.83226,21438.45174
21600.51,21447.72458
21587.41987,21435.1474
21620.23898,21465.4702
21629.2,21476.81823
21630.97795,21475.78985
21625.75901,21471.89
21604.98362,21454.04086
21607.29199,21450.51438
21620.35,21482.07075
21660.88649,21506.69
21640.04,21485.88509
21650.24788,21494.71318
21640.01073,21488.08962
21636.99981,21480.00658
21660.98686,21507.11837
21668.28,21513.38457
21662.29159,21511.33071
21651.85,21497.75443
21649.27,21495.56044
21641.11474,21487.21
21635.09289,21482.001
21685.1,21530.92047
21681.26043,21524.62
21684.87355,21527.53285
21670.22037,21516.82215
21666.00507,21511.77561
21678.46,21521.37911
21681.76,21521.37911
21650.95043,21501.21817
21647.73878,21497.68832
21632.58378,21483.49503
21619.12,21467.27436
21620.7408,21464.56664
21646.07,21491.56433
21665.50325,21508.30314
21681.96298,21524.64341
21687.7,21535.11458
21688.66,21533.77355
21673.63275,21529.26323
21657.37375,21514.70933
21664.39924,21508.72782
21632.59,21487.93789
21640.74,21490.3687
21646.97,21496.44648
21642.01802,21484.98837
21633.97,21479.10985
21639.88,21486.08436
21658.3,21506.11115
21677.98,21518.12
21687.46,21530.42229
21683.44458,21528.33
21635.09,21486.42892
21621.50811,21467.11669
21624.51,21468.97057
21608.17,21452.20819
21636.85,21481.00293
21652.35553,21495.25085
21646.13295,21498.62
21637.04,21482.69674
21639.24663,21487.59
21634.92,21476.244
21658.82,21504.04244
21691.87013,21534.99824
21738.47544,21581.18
21759.69,21605.1
21708.69681,21559.9651
21757.16346,21600.74
21772.26583,21619.0
21773.10142,21619.15915
21784.26461,21628.33
21779.55,21620.01876
21746.03893,21592.35646
21736.6113,21580.68411
21755.30292,21596.70394
21763.71,21605.47191
21781.94,21625.39911
21777.5,21623.7053
21767.47331,21610.82
21774.09735,21616.92
21788.02,21633.14679
21785.83997,21631.3211
21799.4895,21641.31693
21786.85,21632.0508
21812.79,21655.76412
21831.60606,21673.20038
21847.9,21689.64029
21867.63682,21708.96963
21833.55,21685.78643
21849.66,21693.72535
21871.41,21715.78
21850.07308,21696.26403
21824.17911,21677.3058
21822.57328,21669.81
21803.80517,21650.2613
21794.77238,21641.35636
21805.21026,21646.99617
21808.27,21657.75683
21800.91,21643.80782
21805.61,21648.1918
21807.24,21650.08488
21833.96,21680.67307
21857.50003,21704.82989
21846.45997,21688.99
21825.98566,21678.34854
21840.91,21682.66578
21820.46563,21664.58249
21824.27947,21665.92697
21822.37255,21668.27551
21807.61901,21658.70687
21802.36,21649.78597
21798.57,21642.71183
21786.84,21633.04716
21787.47,21630.85517
21799.89096,21651.54445
21803.03,21646.19908
21803.03,21664.3328
21835.4199,21676.98654
21827.35,21672.60257
21847.86507,21689.34138
21836.9,21683.66214
21859.80841,21702.8
21843.95086,21687.10634
21832.00752,21681.6
21815.57,21664.03389
21857.11,21698.60751
21862.31752,21703.68893
21850.87599,21697.79
21832.00752,21689.46
21828.29404,21672.85223
21858.30295,21699.7035
21872.7554,21714.54
21897.24427,21738.36219
21889.61659,21730.78987
21906.27705,21752.88
21915.51056,21764.34486
21904.4705,21745.53597
21927.83,21770.14601
21938.06,21786.28701
21929.97,21775.83114
21944.3151,21785.1
21923.43934,21767.05
21911.69672,21761.40328
21911.79708,21756.10942
21890.31914,21731.48732
21894.42,21736.1702
21872.55467,21718.75544
21854.99093,21702.69
21838.23,21689.04247
21866.43245,21708.85
21846.78,21694.72316
21847.9,21693.22718
21852.58218,21694.02426
21867.23536,21710.95
21895.53808,21736.66838
21902.36285,21747.16
21899.9541,21741.05236
21912.09818,21756.83
21916.91566,21759.35
21919.12367,21762.07
21907.28069,21748.32577
21867.03463,21717.76734
21900.65,21748.13536
21891.92497,21743.68
21889.91768,21732.5
21885.8,21731.08878
21876.97069,21725.91
21857.37542,21699.79158
21873.93548,21712.92
21869.61983,21707.32
21875.82,21713.36
21856.8736,21695.05
21852.16,21695.54543
21863.79872,21703.12835
21884.97552,21726.6
21873.83512,21715.02
21858.68015,21702.92406
21855.60281,21707.32637
21860.31993,21704.16
21857.46,21702.2844
21866.34179,21707.66473
21859.51702,21702.13
21845.22,21696.07403
21843.21,21684.05938
21819.89,21663.55645
21808.39778,21659.59
21836.36,21677.35844
21820.44146,21668.97
21812.31198,21654.01709
21806.82575,21648.84
21785.04669,21629.53
21775.78482,21621.29
21800.36,21640.14524
21795.40624,21640.44
21799.98249,21644.92
21819.68,21662.33048
21838.44051,21679.966
21847.09,21691.02557
21851.48787,21695.96
21854.59917,21696.63
21836.78,21683.25398
21835.83,21678.67074
21820.07384,21665.21
21815.55744,21657.32
21825.63,21664.69
21819.32,21660.40958
21811.70979,21654.04
21795.85228,21636.01117
21789.03,21632.53941
21777.01754,21621.49
21779.95,21626.46163
21774.55,21620.18458
21747.6108,21591.70835
21733.45943,21589.09
21743.9,21591.25
21735.56708,21579.69
21726.93574,21579.24
21725.63101,21571.69
21741.58894,21585.74
21730.84995,21577.47
21747.51523,21590.93
21718.91139,21566.73
21710.48078,21555.53
21718.71066,21570.06
21733.76531,21579.73
21742.19592,21588.65
21756.14657,21603.9
21759.65932,21603.17
21770.6994,21616.37
21754.84183,21609.03
21762.77062,21610.83
21748.31815,21604.99
21757.7524,21602.06
21756.60995,21604.43
21752.23236,21606.72
21737.07734,21587.8581
21715.19791,21561.98
21693.21811,21538.81
21699.64143,21549.62
21706.79636,21555.48
21716.67748,21562.33
21696.8875,21543.95
21703.52844,21553.02
21703.5862,21551.29
21704.84009,21553.56
21699.72848,21545.26
21697.10281,21542.52
21700.33505,21539.59
21685.67882,21529.24
21703.55564,21550.14
21713.03873,21563.92
21722.01235,21570.06
21732.57431,21574.93
21758.35458,21605.87
21736.67588,21590.79
21718.81102,21570.89
21713.69244,21562.07
21730.65402,21582.01
21727.54272,21577.48
21712.88952,21563.36
21725.83653,21580.26
21748.01705,21591.57
21768.39102,21616.68
21756.14657,21609.3
21760.5626,21612.3
21752.33272,21604.26
21744.20321,21593.68
21744.40394,21593.87
21762.36916,21606.11
21747.57719,21597.58
21749.22143,21591.38509
21771.60268,21616.9
21756.3473,21601.81
21753.63746,21606.27
21754.34001,21600.38
21759.1575,21611.95
21777.32345,21626.77
21770.6994,21613.1
21772.1045,21620.39
21780.93657,21628.47
21786.45661,21634.78
21791.67555,21640.2
21785.45296,21632.03
21799.80507,21641.60147
21811.94916,21656.06
21826.17,21671.79107
21833.82859,21680.64
21811.79718,21662.56901
21826.05155,21668.59
21816.33,21658.5779
21779.91,21624.80442
21790.77228,21636.9
21799.60434,21649.84
21808.83786,21652.74
21830.11511,21671.69144
21852.15649,21696.84
21837.30262,21687.37
21842.22045,21688.57
21842.96175,21690.54
21845.67159,21694.88
21850.48908,21699.93
21838.54572,21688.6
21804.84775,21651.30729
21822.11078,21660.17
21807.68568,21656.82
21810.25444,21656.37
21817.85703,21659.92
21820.94,21659.12
21827.11361,21676.39
21846.55138,21689.0
21857.37629,21702.45
21862.78613,21711.6
21853.96523,21697.66
21848.86772,21695.44
21857.08,21695.9
21860.32847,21706.89
21852.80299,21698.71
21861.04627,21706.6
21859.00136,21704.78
21857.47606,21705.63
21862.73089,21706.09
21882.79683,21729.01
21889.44529,21729.4
21890.92115,21732.39
21892.80222,21735.8
21895.49727,21736.69
21895.49329,21744.4
21900.55497,21745.52
21902.64393,21749.41
21894.04721,21746.35
21893.54539,21754.22
21867.95248,21724.94
21847.57851,21698.55
21861.62952,21708.41
21875.35,21719.81546
21900.47053,21747.09
21894.95049,21747.2
21898.46324,21747.12
21899.26616,21747.29
21890.92472,21730.33
21883.03,21719.95369
21887.02886,21723.15
21884.32095,21723.92
21894.82077,21733.27
21900.95,21735.79581
21899.78871,21742.57
21923.26609,21761.05
21942.92357,21774.05604
21951.77182,21788.16
21941.82065,21790.01
21970.07,21828.01979
21961.59243,21802.21415
21951.556,21800.37
21954.96839,21799.12
21945.23304,21798.94
21942.32248,21796.01
21922.80494,21778.96
21914.12256,21762.73
21917.93393,21771.07
21935.69843,21776.50815
21963.49936,21811.19
21938.80972,21799.89
21941.21847,21791.71
21949.34798,21797.07
21948.24397,21798.74
21948.94652,21799.47
21939.31154,21786.31
21917.13102,21765.34
21916.42847,21759.62
21910.4066,21759.33
21921.44669,21762.35989
21942.78,21786.57135
21964.79,21805.64491
21951.15454,21805.17
21942.72393,21805.17
21953.46292,21805.17
21956.77494,21805.17
21970.42,21851.96137
21970.42,21815.25329
21945.33341,21793.00411
21948.14361,21788.86297
21942.22211,21782.98447
21930.17839,21771.02819
21937.70571,21778.50086
21928.97401,21769.83256
21920.94486,21761.86171
21927.56891,21768.43766
21919.03794,21759.96863
21928.87365,21769.73293
21947.74215,21788.46443
21959.9866,21800.61998
21956.97567,21797.63091
21954.16547,21794.84111
21940.61628,21781.3903
21940.31519,21781.09139
21944.63086,21785.37573
21952.05782,21792.74876
21950.65272,21791.35386
21951.95745,21792.64913
21951.15454,21791.85204
21954.56693,21795.23966
21952.86073,21793.54585
21954.56693,21795.23966
21945.03231,21785.77427
21936.50134,21777.30524
21929.77693,21770.62965
21920.04158,21760.96499
21900.97235,21742.03421
21903.58183,21744.62474
21910.60733,21751.59924
21908.90114,21749.90543
21909.20223,21750.20434
21912.01243,21752.99414
21912.31353,21753.29304
21910.80806,21751.79851
21901.976,21743.03057
21898.96507,21740.0415
21894.14758,21735.25899
21891.33737,21732.46919
21892.9432,21734.06336
21893.44503,21734.56154
21892.24065,21733.36591
21890.133,21731.27356
21883.60932,21724.79724
21902.57818,21743.62838
21933.99223,21774.81435
21958.28041,21798.92617
22001.33673,21841.66987
22038.52194,21886.10738
22003.24365,21843.56295
22016.8932,21857.1134
22062.95432,21903.14507
22007.76005,21848.04655
21989.69446,21830.11214
21970.32413,21810.88245
21974.6398,21815.16679
22013.78191,21854.02469
21981.86604,21822.34055
21981.06312,21821.54347
21987.68717,21828.11942
22028.13401,21868.27259
22017.89685,21858.10976
22022.31288,21862.49372
22040.61693,21889.89353
22047.70507,21887.70155
22099.1306,21942.10262
22097.1847,21936.82193
22074.40199,21914.20463
22087.65009,21927.35654
22090.25956,21936.86
22073.59908,21914.74
22038.27082,21883.2
22055.33276,21895.64
22062.25,21899.29851
22072.41,21920.12244
22136.0826,21978.1106
22144.13752,21986.37
22140.14066,21979.46599
22189.92139,22030.18
22175.36855,22015.32
22183.19697,22023.05
22175.87037,22014.93628
22177.57657,22016.63009
22185.40499,22024.40167
22186.70973,22029.95
22179.38313,22028.21
22167.94159,22028.21
22152.08402,21996.07
22162.36,22004.07599
22159.51098,21998.69567
22145.05851,21984.34813
22130.10422,21969.59
22084.33806,21924.06856
22077.84,21920.38204
22092.66831,21932.33832
22114.81,21955.7527
22103.00584,21942.60079
22100.99855,21940.60808
22083.33442,21923.0722
22075.40563,21918.46
22075.27,21913.84537
22082.03,21918.54
22077.68,21912.74937
22172.98,22009.89449
22129.49,21971.46
22123.51818,21965.64
22157.00187,21996.20478
22143.45268,21982.75396
22136.42717,21975.77947
22144.56,21974.62334
22137.52,21972.63062
22171.79,22011.18976
22195.93,22035.99912
22207.11,22042.77437
22229.66,22071.17064
22224.67181,22058.98
22234.89,22077.34807
22234.89,22075.05644
22235.88827,22083.2
22244.61997,22083.2
22251.24402,22090.27
22270.61434,22109.53
22233.17843,22074.57
22157.8,22002.78073
22206.38114,22049.21
22235.78791,22074.41877
22270.75,22119.65335
22286.42,22150.54041
22316.51,22154.0678
22290.79142,22121.98501
22242.82345,22092.64
22259.62682,22092.64
22309.39353,22139.98
22478.37,22325.0432
22395.12,22239.1165
22403.86,22250.67424
22383.62463,22221.18208
22380.51334,22218.09338
22399.13,22251.81073
22450.80746,22284.49134
22419.75581,22257.05092
22435.73,22274.02956
22427.88533,22265.12141
22399.28148,22236.72524
22357.73063,22195.86
22352.33905,22197.66807
22326.41694,22167.15
22333.54281,22171.46389
22337.85848,22175.74823
22324.00819,22161.99851
22299.51,22179.33511
22346.08836,22183.91835
22379.84,22224.96824
22347.39309,22194.9
22353.71605,22191.49066
22325.64,22169.07264
22302.41,22152.03494
22315.17613,22153.23057
22321.12,22162.19778
22321.79,22171.46389
22321.79,22182.82236
22369.83,22213.80904
22375.91,22213.70941
22370.27617,22215.08
22333.44245,22187.5
22299.11783,22145.63
22273.22382,22111.58286
22310.459,22152.08
22327.21985,22165.18685
22338.96249,22178.36
22324.40965,22162.39705
22344.58289,22182.42381
22337.74,22178.63766
22326.31657,22167.98
22317.68524,22160.37
22345.38581,22183.69
22348.39674,22196.42
22356.93987,22199.92
22363.1503,22200.85641
22357.93135,22195.67536
22293.69815,22135.3574
22291.49014,22129.71655
22287.87702,22130.47
22281.1526,22119.45408
22283.36062,22121.64607
22285.36791,22123.63878
22264.69285,22118.17
22259.67463,22098.13205
22249.73855,22091.99
22247.73,22094.74444
22268.2056,22114.02
22278.44277,22116.76392
22324.81111,22164.38
22298.01382,22136.19287
22290.68722,22130.72
22282.45734,22122.81
22272.4209,22110.78578
22256.96479,22097.61
22300.42257,22138.58413
22287.97738,22126.22931
22305.44078,22143.56591
22311.8641,22149.94259
22317.38414,22155.42255
22320.8969,22158.9098
22344.68,22193.08483
22361.14301,22198.8637
22365.55905,22203.24767
22385.23047,22228.0
22399.38184,22241.03
22393.25962,22235.09
22382.62099,22220.48
22395.36727,22232.83945
22400.78694,22239.09
22426.4422,22272.89299
22429.79225,22267.01448
22479.77371,22322.89
22468.03108,22304.97567
22444.34508,22289.82
22459.33,22312.24907
22462.08996,22303.28186
22528.85996,22374.91989
22528.72795,22369.83847
22531.38776,22376.09
22492.23717,22333.48
22496.20805,22351.40588
22561.36995,22398.45
22595.69457,22436.51
22598.10332,22436.27
22609.44449,22450.04
22626.10498,22461.90181
22592.28218,22436.92868
22592.26,22434.00383
22592.26,22452.13752
22609.1434,22445.06339
22539.59088,22377.87
22530.65845,22370.7
22492.11853,22328.88822
22466.62598,22304.91
22483.67,22323.5079
22484.18974,22332.86
22504.06189,22344.99
22490.91416,22329.2
22449.06221,22291.08613
22432.29,22273.98898
22431.48,22272.69372
22451.27023,22288.33651
22436.51666,22273.69007
22471.84492,22308.76182
22447.45638,22284.55036
22422.86711,22279.78
22419.85618,22257.15055
22421.26128,22264.52
22439.92905,22277.07768
22485.19339,22322.01336
22483.08574,22319.92101
22521.88725,22363.36216
22515.70416,22352.3026
22538.28615,22374.72062
22539.8,22383.09002
22561.16922,22397.43755
22542.50145,22379.73521
22544.6091,22385.54
22525.64023,22362.67
22549.23104,22387.27471
22524.53623,22361.81
22492.41962,22336.58353
22499.64586,22336.98
22502.55643,22347.72
22550.76205,22391.35977
22565.1838,22401.42298
22557.95756,22396.87
22576.40116,22414.47525
22534.37193,22377.59158
22518.51436,22372.25
22501.45242,22338.15434
22502.75715,22344.29
22505.96881,22342.63794
22495.83201,22337.0
22489.70978,22329.91
22524.13477,22360.67199
22543.00327,22379.4035
22544.30801,22382.96558
22560.36631,22396.64046
22528.65116,22390.59
22513.8976,22350.50916
22528.57,22381.29657
22548.90485,22384.82481
22523.03076,22361.92
22530.85918,22373.65
22505.66772,22344.5
22496.93312,22343.6343
22475.93,22314.04251
22490.01088,22326.79587
22485.83,22324.30498
22470.12,22312.13
22491.01452,22327.79223
22487.9,22325.40097
22464.81942,22319.3
22470.43982,22307.36692
22469.63691,22306.56984
22472.54748,22309.45927
22463.61505,22306.63
22448.86148,22285.94526
22417.84889,22268.02
22405.60443,22243.00229
22434.60974,22271.79699
22452.48,22293.3183
22412.93103,22253.40633
22407.1099,22244.49683
22397.37455,22234.83217
22415.64087,22252.96586
22433.80682,22270.99991
22450.16622,22287.24052
22434.00755,22287.04
22433.90719,22287.04
22443.24108,22281.07
22434.60974,22273.62
22402.99496,22246.16
22402.39277,22239.81395
22405.90553,22243.3012
22409.54726,22253.96221
22425.67731,22262.92942
22393.66107,22231.14565
22393.15925,22230.64747
22383.02245,22220.58427
22412.62994,22251.2
22407.71209,22245.09464
22415.13905,22261.4
22397.17383,22234.6329
22408.0142,22246.78845
22407.31063,22252.01
22423.70582,22263.12869
22447.15529,22284.25145
22456.48917,22293.51757
22434.30865,22271.85457
22440.43087,22277.57586
22456.48917,22295.48
22477.86679,22314.73996
22466.42525,22303.78
22483.38683,22320.21992
22555.047,22391.35977
22574.61805,22410.78873
22558.45939,22394.74739
22592.784,22428.82278
22577.82971,22414.56
22596.39712,22432.40966
22614.16162,22460.98
22693.25,22535.73183
22780.84346,22642.64088
22793.75,22639.25327
22796.77,22653.04375
22769.4,22617.70077
22821.51444,22665.89575
22789.71,22633.64777
22731.9489,22573.89228
22715.42928,22580.62
22736.70653,22573.19427
22696.36005,22540.12288
22739.21564,22577.59831
22692.44584,22536.68175
22689.13381,22530.80854
22707.5005,22545.70299
22673.07551,22516.81165
22674.58194,22513.11416
22664.44417,22530.19
22638.65053,22481.1
22633.63231,22478.63691
22625.10134,22467.50895
22614.86417,22454.74976
22632.21,22475.5519
22618.57765,22464.69865
22679.79993,22529.83029
22690.84001,22531.1774
22690.23782,22531.58976
22691.24147,22531.11311
22701.17754,22542.39992
22714.526,22556.66865
22734.39815,22572.48137
22675.27476,22511.22146
22673.77806,22510.30372
22706.99867,22547.33189
22703.98774,22540.50276
22698.2,22547.28956
22747.84698,22585.93915
22738.69,22578.57516
22746.04042,22580.96641
22752.54,22588.43909
22758.38524,22594.05254
22757.5508,22592.82305
22759.97,22617.03452
22783.67706,22618.32978
22753.26665,22589.57982
22715.79216,22551.92
22698.72177,22537.82418
22669.76349,22514.067
22669.66312,22511.95317
22661.03179,22501.13526
22651.99899,22497.65
22655.79358,22497.65
22656.51539,22493.85
22647.78369,22483.42311
22646.98384,22486.21291
22641.46073,22484.1585
22629.91883,22465.68797
22600.81,22437.78999
22606.13247,22442.07432
22603.52299,22439.48379
22596.99931,22433.05
22600.21097,22439.28
22626.73542,22464.59198
22631.82575,22484.25
22647.69917,22485.21656
22658.74336,22495.57866
22644.17057,22482.17
22630.92247,22471.28
22648.28551,22489.91
22648.8877,22489.91
22641.05927,22484.06
22614.16162,22450.04517
22621.58858,22457.41821
22626.9079,22462.6989
22610.5485,22454.4
22607.03575,22445.56257
22613.25834,22457.17
22612.05397,22447.95282
22608.24012,22450.78
22608.24012,22444.51
22594.38984,22435.57
22609.44449,22445.3623
22649.26335,22489.7998
22648.18514,22483.82166
22639.04158,22474.76514
22633.12009,22468.88663
22632.5179,22468.56
22618.96872,22458.77701
22598.59477,22442.72
22574.30661,22410.50009
22580.5292,22416.67751
22585.14,22424.94727
22549.21554,22385.59116
22560.35598,22396.98
22539.68093,22379.11
22554.23375,22390.57294
22537.4154,22375.42831
22529.9456,22372.41
22524.82702,22361.37967
22547.61022,22384.99334
22556.44177,22392.76493
22555.59578,22400.93506
22572.53204,22411.59608
22574.16839,22410.799
22558.88038,22395.93
22571.34958,22412.59244
22573.56308,22412.89135
22582.87,22424.54873
22581.33211,22417.47459
22549.01481,22385.39188
22541.15488,22386.5
22534.86345,22371.34324
22518.60443,22355.20225
22539.2118,22377.02248
22525.12811,22364.37
22522.01682,22358.58987
22539.22958,22377.9192
22549.81773,22391.45
22557.7465,22398.69
22527.43649,22370.69
22513.18476,22349.82192
22521.81609,22360.18
22527.74463,22368.85235
22544.00706,22385.79043
22557.04395,22393.36274
22553.63157,22390.57
22564.46343,22403.22668
22562.56399,22398.84271
22583.73125,22424.44909
22588.73607,22431.12469
22609.41238,22447.26568
22600.10024,22443.29
22597.26,22434.41267
22587.74704,22425.64472
22607.93,22448.1624
22612.64577,22458.16
22606.62391,22445.64
22598.34657,22436.90356
22602.60934,22438.59737
22580.32847,22421.67
22568.68621,22404.92049
22544.9,22384.49516
22535.12605,22377.87
22512.61,22353.50845
22505.95853,22342.64815
22511.3782,22348.02848
22524.62629,22361.1804
22523.47125,22363.07348
22539.25701,22378.71629
22530.62429,22369.5498
22552.64882,22393.26311
22554.44055,22391.86821
22533.99,22379.11483
22540.50374,22381.60573
22540.69786,22380.21083
22542.45818,22385.69079
22538.27583,22374.73086
22546.87639,22388.58023
22552.67309,22391.5693
22551.78242,22392.66529
22557.76525,22401.73215
22564.41176,22406.11612
22562.26477,22404.82085
22528.50272,22366.06255
22518.7048,22355.30189
22510.98617,22348.52666
22494.34935,22334.07948
22511.97936,22354.00663
22503.80579,22344.93977
22490.67274,22331.48895
22493.81444,22332.78421
22506.97765,22356.59715
22530.68127,22377.71993
22530.64217,22370.74543
22532.89609,22374.33232
22510.49352,22349.92156
22527.25991,22369.25089
22531.72484,22370.84507
22544.49842,22380.90828
22538.5484,22383.1999
22548.91318,22393.86092
22536.29592,22376.82321
22543.7167,22385.19261
22550.29908,22391.96784
22554.00742,22396.15254
22529.53254,22377.52066
22542.24367,22383.29953
22549.83534,22392.86456
22549.38222,22392.76493
22552.42385,22393.16347
22551.92538,22388.28132
22537.95053,22386.68715
22534.94937,22377.9192
22549.22726,22392.16711
22549.77591,22390.37367
22530.30989,22372.83778
22522.619,22359.18768
22520.63676,22359.18768
22511.43899,22352.01391
22493.85756,22345.53
22506.35253,22350.81828
22495.89512,22342.94706
22487.78815,22330.09405
22484.31834,22326.70643
22488.61067,22326.20825
22496.83464,22343.54487
22496.906,22337.766
22497.99671,22342.34924
22501.39023,22350.22047
22521.40102,22365.06619
22508.74082,22348.9252
22517.02,22361.28003
22514.37,22351.21682
22520.416,22360.58258
22531.85252,22368.35417
22540.68458,22377.12212
22542.99295,22379.41374
22537.57,22374.03341
22540.18275,22376.62394
22537.57328,22374.03341
22533.05689,22369.5498
22531.65179,22368.1549
22509.27055,22345.93613
22529.31706,22365.86328
22540.73821,22377.81957
22543.79587,22380.21083
22546.8068,22383.1999
22555.2374,22391.5693
22538.3762,22374.8305
22552.1261,22388.48059
22535.06418,22378.47
22508.46764,22345.13904
22505.15562,22342.29
22508.06618,22344.7405
22506.76145,22343.44524
22505.45671,22344.88
22517.09897,22353.70772
22505.65744,22342.34924
22502.54615,22339.26054
22517.19933,22353.80735
22538.23629,22381.60573
22551.62083,22393.96056
22563.20931,22400.93506
22595.18239,22431.22432
22585.54741,22422.54
22588.45819,22430.72615
22586.24996,22425.86
22581.45883,22421.26075
22603.78226,22445.17333
22604.71891,22457.53
22603.49715,22448.56094
22613.83803,22455.83435
22611.0231,22452.14783
22618.66763,22455.08
22613.41499,22453.24382
22612.51341,22451.55002
22618.15077,22456.2329
22618.88126,22455.93399
22622.54858,22460.21832
22635.0793,22478.5513
22638.91,22479.04948
22637.81977,22477.65458
22639.58538,22477.1564
22626.49604,22462.31068
22600.10024,22436.10648
22611.21854,22451.25111
22614.75342,22450.65329
22610.87,22453.14419
22615.05451,22450.9522
22598.99623,22435.01048
22615.65054,22457.6278
22648.38766,22491.90249
22659.05412,22496.78464
22644.53825,22485.12726
22657.17574,22495.58901
22639.35,22478.45167
22634.15,22473.07134
22633.82264,22469.58408
22641.04887,22476.75786
22640.67,22477.35567
22640.11,22483.13454
22643.65834,22479.34839
22644.52,22480.24511
22631.48,22472.77243
22630.30989,22466.09683
22636.7332,22472.47352
22625.59277,22461.41395
22628.93492,22468.98627
22614.95415,22450.85257
22601.92,22444.47588
22601.92,22462.1114
22625.85,22462.80885
22625.85,22463.10776
22621.17674,22457.02998
22631.25,22470.08226
22644.24,22498.97663
22660.05,22501.36789
22664.05,22505.95113
22699.05943,22534.34731
22687.96053,22524.98156
22693.84048,22529.16626
22683.89,22519.90013
22673.66726,22509.13947
22683.4026,22518.80414
22687.6,22532.55387
22698.35688,22533.64986
22698.45724,22533.7495
22699.76198,22535.04476
22700.36416,22536.02
22696.85986,22534.64622
22702.01258,22537.9342
22695.14522,22530.46152
22670.72,22509.43838
22661.84932,22499.47481
22659.31517,22494.89156
22681.68584,22526.67536
22687.01,22527.97063
22687.01,22532.15533
22713.92663,22550.08976
22706.68711,22541.91963
22691.79352,22532.15533
22698.4301,22537.73493
22693.41629,22530.36189
22701.33882,22547.10069
22699.46088,22534.74586
22698.95906,22534.24768
22687.47,22524.88192
22720.02353,22556.66572
22734.29871,22580.08012
22716.42245,22551.5843
22712.22991,22549.89049
22711.58,22550.1894
22715.13087,22550.58794
22718.3825,22556.16754
22704.62819,22541.82
22695.14522,22530.46152
22698.05578,22533.35096
22698.01823,22533.7495
22676.47746,22511.92927
22677.88256,22513.32417
22665.36043,22503.55987
22658.91371,22494.49302
22628.89096,22468.58773
22633.60628,22477.25604
22639.43217,22476.06041
22649.67034,22492.2014
22644.51048,22492.79921
22646.93293,22484.52945
22630.60851,22470.68008
22631.71499,22467.49173
22617.5395,22461.11505
22638.10355,22481.64001
22626.81137,22475.06405
22635.98626,22478.5513
22644.50729,22490.50759
22656.8298,22498.47845
22660.80544,22506.44931
22662.96472,22502.06534
22677.2299,22521.99248
22666.80425,22509.23911
22682.35634,22525.18083
22673.9845,22516.71179
22674.02646,22517.0107
22679.26929,22526.17718
22672.35577,22512.32782
22646.63744,22490.40795
22635.51482,22481.14183
22631.76953,22469.18554
22612.91445,22452.64601
22612.61,22450.05548
22590.54889,22428.9327
22577.8316,22415.82592
22561.62971,22397.42
22555.32479,22391.65828
22584.88599,22432.51959
22589.93584,22433.01777
22581.03102,22417.17568
22587.98382,22429.33125
22606.6193,22445.57187
22614.25074,22451.55002
22617.59801,22458.32525
22597.49076,22452.75
22594.7641,22435.80757
22591.56927,22427.63744
22593.73519,22433.97
22592.24504,22429.53052
22569.58949,22405.81721
22570.72505,22408.60701
22570.19168,22406.41502
22564.39545,22400.21287
22573.87438,22411.96977
22587.68525,22431.79708
22590.92832,22430.10329
22566.90458,22402.70374
22560.88267,22396.72565
22556.16,22393.83624
22559.37719,22397.57
22562.31133,22402.90301
22539.40449,22375.40382
22534.09736,22374.60674
22570.98,22416.85187
22563.06655,22403.89935
22557.47025,22393.33807
22553.556,22389.45231
22556.06513,22391.94318
22550.54504,22386.46327
22534.68733,22370.72098
22548.85,22386.06473
22551.64906,22387.55925
22548.73847,22384.66985
22547.23299,22383.17533
22547.26,22383.9724
22547.83518,22383.77313
22562.42,22399.41579
22569.37,22415.75589
22573.82979,22414.63
22568.34,22405.49351
22578.21,22414.361
22580.85536,22416.55297
22566.0013,22401.80702
22568.41006,22404.19826
22571.5556,22413.36465
22576.03783,22411.7705
22560.7823,22396.62602
22579.25045,22416.25406
22581.01,22417.44968
22596.31162,22431.89672
22581.85901,22421.47
22580.55426,22416.25406
22555.4995,22393.33807
22538.30048,22374.30783
22535.32,22371.9166
22529.5687,22365.63961
22533.18,22372.51441
22537.99882,22375.70272
22554.25,22394.73296
22549.9,22391.04647
22551.04919,22389.75122
22569.2814,22407.38657
22561.91,22398.12054
22535.99207,22372.01623
22545.02495,22380.98336
22532.05876,22373.21185
22547.17277,22385.66619
22540.0,22378.99067
22540.0,22376.69907
22541.6557,22380.88373
22544.42,22395.53003
22556.5,22397.22382
22539.1034,22375.10491
22552.18002,22390.94684
22564.99764,22400.81068
22543.7202,22379.68811
22562.41,22402.00629
22537.99938,22374.00893
22535.73,22373.01258
22553.37,22397.22382
22533.58331,22376.49549
22531.77673,22367.83158
22535.58939,22373.71003
22551.6248,22392.74026
22542.05,22380.38555
22554.25461,22396.62602
22547.5855,22389.75122
22564.78,22405.69278
22577.1,22418.44603
22582.86267,22418.54566
22590.39006,22426.01827
22590.83,22427.51279
22588.68385,22424.32448
22584.36815,22420.04018
22586.77691,22422.43142
22591.69,22433.2916
22598.31892,22433.88941
22592.81,22435.2843
22590.08897,22426.21
22594.40467,22430.00366
22594.63,22434.98539
22609.76,22445.84558
22605.14376,22440.66457
22598.21856,22433.78978
22591.69481,22427.31352
22585.22704,22421.63434
22573.32796,22411.37
22579.65098,22415.35735
22569.41372,22405.1946
22556.8,22395.03186
22565.09801,22400.91031
22568.0086,22403.79972
22565.09801,22401.38
22573.4,22410.57488
22564.79691,22400.61141
22560.91198,22399.61506
22564.69655,22400.51177
22571.72212,22407.71
22573.2276,22408.98072
22592.83342,22429.79
22584.61295,22421.5347
22587.9813,22423.62703
22576.13819,22412.44
22572.02321,22407.89
22576.43929,22412.16904
22566.94055,22411.12
22560.07974,22399.22
22554.33278,22391.7
22544.92458,22380.88373
22549.44102,22385.36729
22549.87,22390.24939
22573.49,22413.36465
22581.68951,22422.13251
22580.62425,22426.71571
22594.46391,22435.78247
22604.4412,22440.58
22595.3141,22438.1737
22614.8363,22457.10431
22621.18129,22462.68
22623.8403,22466.76888
22644.54185,22481.81372
22644.53096,22481.21591
22633.01109,22468.66194
22637.71656,22473.96
22626.72074,22462.68385
22620.55261,22459.69481
22618.99417,22456.31
22621.90477,22457.79
22653.72056,22488.88779
22653.41947,22488.58888
22634.2528,22470.05682
22625.14376,22467.74
22629.91296,22467.26705
22638.8665,22474.94
22645.28988,22480.51847
22650.56683,22491.37866
22643.16631,22480.21957
22640.57271,22475.83564
22640.07088,22475.33746
22638.28,22475.4371
22629.53253,22464.87582
22628.5387,22478.22687
22665.18835,22504.1319
22667.16951,22502.23884
22646.49426,22482.67587
22618.29161,22458.81
22621.21732,22460.79079
22648.13611,22489.58523
22663.456,22498.55236
22629.63289,22481.74
22624.4139,22459.79444
22637.05993,22472.34842
22661.1476,22496.26076
22672.95041,22512.00305
22681.52175,22516.48661
22677.06,22526.94826
22702.64393,22538.30662
22714.76,22556.53978
22751.08775,22590.41559
22746.75919,22590.87
22733.31024,22567.89814
22758.90339,22593.305
22728.89417,22587.26
22721.89238,22559.52882
22727.89052,22568.94
22753.4998,22590.64617
22768.61928,22608.78
22773.25563,22611.96
22791.82321,22625.98519
22808.72526,22645.80989
22784.51071,22618.80888
22765.22904,22606.31
22752.08118,22591.58
22782.13284,22619.63996
22792.7207,22629.40419
22763.92,22603.16623
22774.57492,22611.137
22792.47895,22631.66176
22783.82869,22618.70924
22744.95524,22579.45316
22738.27073,22578.75572
22735.47607,22578.65609
22756.75973,22599.18084
22762.8541,22605.55746
22749.31825,22588.76
22733.42065,22572.47873
22743.1557,22594.39837
22783.99075,22630.26687
22768.52292,22616.51728
22781.71707,22626.28148
22797.49901,22640.23034
22824.49377,22671.41601
22824.0276,22668.5266
22825.07971,22668.42
22851.01381,22690.94441
22836.47,22671.71491
22811.8122,22647.80258
22794.16373,22640.03107
22770.9911,22607.12
22768.09104,22611.137
22749.12094,22595.49435
22751.3959,22595.59399
22745.35213,22587.42394
22732.33488,22576.06558
22750.41585,22597.18814
22774.48737,22623.98988
22767.44733,22611.73481
22748.5631,22594.99618
22772.52904,22620.70194
22759.84367,22599.38011
22739.46457,22580.84805
22733.42204,22584.03636
22764.23152,22611.23664
22758.28208,22606.6
22757.6855,22596.98887
22753.02899,22597.58668
22738.12868,22580.25024
22751.89078,22596.39107
22749.79164,22593.10312
22764.39669,22618.41034
22785.71668,22632.3592
22775.8375,22622.8939
22745.18305,22591.50896
22739.51587,22584.77
22731.87451,22582.48
22730.48582,22575.16887
22725.08878,22566.69992
22694.25185,22539.49964
22699.00483,22544.08284
22690.24411,22528.53982
22687.19207,22524.95297
22684.28069,22529.83507
22684.54898,22527.45
22662.73247,22502.23626
22656.39619,22503.2326
22662.08152,22512.00046
22665.00857,22511.60192
22663.42831,22505.32493
22648.9713,22492.47205
22655.85192,22499.84502
22639.37354,22484.10274
22643.2235,22488.48666
22641.42739,22486.2947
22625.72111,22466.66666
22619.8075,22466.86593
22632.69753,22480.21698
22627.31403,22468.46009
22615.30674,22458.09807
22626.20797,22476.03232
22614.71113,22451.52218
22624.59332,22467.76264
22650.58516,22488.78557
22638.83287,22485.69689
22642.66634,22483.50493
22611.9712,22447.43716
22604.66732,22452.31926
22608.32351,22445.5441
22592.30606,22429.40328
22584.65625,22426.41423
22600.96475,22442.75433
22617.01401,22457.99844
22603.15294,22439.57
22590.34352,22430.8978
22587.64689,22428.40693
22594.21145,22432.09341
22592.56146,22431.79451
22585.69609,22423.22592
22590.48542,22435.58063
22604.1996,22440.16382
22583.80982,22421.63177
22599.78033,22438.47003
22612.08002,22457.50027
22644.0881,22479.32027
22633.39,22471.74803
22628.43111,22465.1
22633.34093,22476.8294
22609.26133,22444.74702
22583.13269,22419.4398
22568.52202,22409.57597
22572.92909,22408.67925
22568.35234,22415.75332
22554.46,22396.72309
22571.42145,22412.96355
22552.5483,22395.22857
22544.96477,22387.8556
22559.42875,22405.0924
22588.1864,22425.31825
22592.64688,22431.39597
22595.02547,22440.36309
22598.43014,22434.48465
22598.75391,22435.38136
22610.86718,22446.34118
22592.48637,22428.30729
22598.92371,22435.63
22581.39,22419.63907
22577.04407,22412.76428
22585.58728,22423.92337
22600.82868,22442.55506
22597.79852,22436.27807
22595.11428,22432.49195
22593.00633,22430.00108
22595.53663,22436.27807
22579.19477,22421.63177
22605.1549,22441.85762
22599.83596,22437.17478
22595.61165,22431.1967
22595.61165,22431.1967
22579.53533,22417.44711
22583.19125,22422.32921
22596.08329,22434.88318
22602.23728,22440.26346
22597.0853,22440.06419
22610.34613,22447.99
22607.85622,22443.35214
22621.51127,22462.98018
22639.21593,22480.91443
22665.84271,22502.13662
22674.94088,22510.20703
22675.33453,22512.26
22663.22478,22501.33954
22672.36092,22513.09644
22699.74038,22541.59197
22679.41669,22514.39169
22664.96408,22500.04429
22662.15386,22497.25452
22650.45478,22488.28739
22669.70147,22508.32
22679.09909,22523.55809
22663.65077,22502.83406
22652.26332,22488.18776
22653.67486,22489.58265
22645.3512,22483.90347
22643.98536,22485.49762
22638.45738,22476.13196
22626.25451,22467.76264
22639.64,22478.8221
22657.00313,22499.54612
22676.20186,22514.88987
22684.26232,22528.21
22695.92027,22533.42192
22713.02179,22554.54448
22703.90891,22542.88722
22712.84615,22552.65142
22708.25257,22548.13
22704.55767,22547.66969
22723.6447,22559.62585
22727.05859,22565.70357
22749.94297,22590.61225
22752.00462,22589.0181
22750.52081,22592.50531
22756.13193,22594.1991
22764.85563,22608.2476
22758.20347,22592.60495
22749.87065,22592.00714
22755.4936,22589.91481
22769.13,22607.74942
22769.13,22632.3592
22782.09041,22620.19
22792.01,22630.26687
22771.25096,22605.55746
22783.17,22618.21107
22776.77105,22611.03737
22749.08431,22589.77
22753.98439,22601.17353
22744.72614,22584.4349
22727.59498,22569.7886
22725.60033,22567.59663
22722.90043,22566.10211
22706.3131,22550.26019
22695.10488,22539.49964
22694.25285,22537.10841
22689.46658,22534.81681
22709.43238,22549.76202
22688.47053,22526.14859
22681.62473,22517.49101
22678.02,22517.49101
22681.62473,22519.13924
22671.44435,22515.43
22676.58786,22515.43
22653.72712,22499.54612
22664.45956,22505.02603
22653.20945,22496.65671
22646.98177,22488.68593
22648.51079,22490.57899
22640.14727,22483.7042
22636.46175,22478.22429
22635.5884,22473.84036
22621.1044,22467.96191
22638.26573,22481.21333
22644.84678,22489.68228
22645.79423,22488.28739
22647.84867,22489.28374
22646.78762,22487.29105
22636.93877,22480.41625
22644.34496,22489.68228
22616.47685,22458.29734
22604.61289,22443.65104
22603.37662,22445.04593
22615.78508,22451.22328
22590.07913,22428.80547
22602.15448,22449.62912
22620.50674,22463.67762
22632.38,22473.25
22613.09,22453.21597
22611.29677,22452.61817
22606.83464,22445.04593
22614.1773,22458.19771
22616.65316,22455.3083
22605.33302,22448.53314
22611.15,22454.71049
22617.05,22458.29734
22628.30324,22469.3568
22630.48403,22472.14657
22621.14234,22459.29369
22612.18282,22454.41159
22620.56302,22460.98748
22618.08227,22459.39333
22621.60015,22462.1831
22631.35873,22477.42721
22645.76094,22494.46475
22654.31564,22499.34685
22642.50795,22483.90347
22614.09769,22450.72
22597.79736,22438.0715
22601.43284,22436.97551
22600.04204,22438.86857
22569.153,22407.56
22569.28171,22408.38035
22570.29728,22408.47998
22575.03676,22410.77158
22560.58415,22396.42418
22590.4,22452.91707
22623.40274,22465.17214
22634.73831,22472.64474
22642.25584,22477.9509
22621.17933,22457.0274
22639.54936,22480.4418
22644.41,22486.61921
22668.4413,22509.63506
22660.41,22498.17695
22656.65191,22495.38715
22658.71559,22495.6
22661.85641,22501.16603
22671.29885,22518.50264
22674.24,22518.30337
22655.70466,22491.30209
22637.61005,22473.7662
22644.54976,22490.2061
22663.74254,22503.65692
22676.64914,22514.61685
22677.8261,22515.91211
22679.89246,22515.3143
22681.36016,22521.89025
22685.1114,22520.49535
22672.36513,22507.84162
22683.03776,22519.89754
22710.18563,22547.99481
22707.29192,22542.51485
22698.45986,22536.9
22691.53472,22526.87204
22712.63026,22548.89153
22694.04383,22531.85
22694.09041,22531.65455
22700.36678,22535.63998
22694.14419,22529.46257
22700.95314,22537.03488
22710.42574,22548.19408
22726.06298,22562.5
22725.55822,22560.64855
22691.83581,22527.17095
22692.93982,22528.26694
22707.29192,22542.51485
22688.05475,22523.48443
22699.37,22537.59
22714.04099,22554.6704
22730.80253,22568.71904
22726.16041,22561.24636
22742.66,22582.2695
22740.46984,22580.17715
22740.01068,22574.99609
22731.88117,22567.7
22732.58372,22567.62305
22727.98008,22565.13215
22714.5,22550.4857
22712.91232,22548.09445
22736.07712,22575.89281
22722.18,22571.70811
22735.59465,22570.61212
22733.08554,22568.12123
22738.13444,22577.98516
22743.39,22591.63526
22751.19057,22589.74218
22752.12181,22591.83453
22774.8371,22611.84
22770.48327,22608.7726
22773.86993,22611.26349
22770.01961,22605.41
22770.7907,22608.17478
22773.19764,22608.57333
22770.32071,22605.08608
22743.92963,22580.8746
22721.74438,22560.03
22721.5,22568.91831
22716.5,22552.57805
22728.37,22563.93653
22740.2,22579.28043
22740.2,22575.99245
22737.20048,22572.20629
22714.64389,22551.98024
22727.97432,22564.4347
22736.77089,22575.5939
22747.76187,22588.94509
22767.5105,22602.29628
22759.83187,22604.48826
22764.67723,22600.4032
22763.09447,22597.91231
22764.83,22604.78717
22764.83,22600.60247
22744.90976,22580.47605
22735.99611,22571.74
22722.66147,22560.25
22725.15121,22559.92476
22718.50921,22559.22732
22721.73739,22558.0317
22725.88583,22560.52257
22738.43909,22575.66704
22737.73896,22575.06924
22749.67525,22590.31335
22771.72113,22609.84175
22771.84239,22612.43
22778.10686,22616.61691
22747.86584,22586.23
22741.99139,22576.86266
22735.65637,22570.48604
22721.93011,22559.42658
22747.71232,22585.13234
22763.21585,22602.46878
22765.3538,22602.16988
22766.42028,22603.3655
22769.41699,22609.94139
22772.60322,22609.24394
22751.55601,22590.63
22759.31419,22593.99983
22757.09661,22595.29508
22770.0658,22607.74942
22776.68482,22611.53554
22759.65712,22598.18449
22776.38378,22614.62422
22780.50496,22616.11874
22782.45,22623.79061
22776.601,22617.7129
22785.40171,22625.98258
22791.93945,22628.47344
22814.30768,22648.30075
22807.79679,22644.81354
22807.75813,22644.61427
22791.45748,22629.46979
22806.40581,22640.72852
22816.83412,22657.46715
22816.26252,22651.78797
22819.32595,22653.28249
22825.51892,22662.74779
22831.9961,22667.49
22836.48842,22670.32003
22842.6107,22678.54
22841.50668,22675.30176
22880.43,22730.20049
22921.59,22763.67776
22938.66,22773.94013
22951.30634,22786.33
22947.99429,22781.0142
22917.2825,22750.52597
22956.9268,22789.88169
22982.15,22818.37722
22996.8722,22834.56
23003.39594,22836.01256
23018.95257,22851.61618
22973.88854,22806.71995
22957.12753,22790.08096
22953.29533,22790.4795
22940.27396,22781.72
22943.57821,22776.63027
22962.9918,22796.95575
22962.40107,22799.44662
22933.64205,22770.07
22937.15483,22771.72
22918.01457,22758.89529
22892.87,22728.5067
22876.60205,22712.46551
22894.80137,22735.18223
22928.76028,22767.62
22933.39344,22773.74086
22872.92103,22706.48743
22868.70568,22702.30277
22873.74048,22710.89
22872.93946,22711.2699
22877.53837,22713.16295
22874.80715,22712.06697
22876.15743,22711.38
22867.22908,22708.08158
22867.14894,22706.28816
22852.71271,22691.17
22853.82476,22692.12
22866.17067,22704.99291
22838.56855,22678.04
22838.72126,22678.78898
22823.01968,22667.72952
22842.05479,22685.36487
22841.00485,22680.86
22835.23761,22674.46
22828.44,22664.84012
22812.66,22650.09418
22815.88,22655.57409
22815.4578,22651.09053
22815.8394,22652.08687
22820.10605,22659.55948
22833.75,22670.41
22808.58686,22642.62157
22827.19768,22664.93975
22840.15707,22680.88131
22860.39633,22704.89327
22859.47207,22695.08
22863.09719,22698.11811
22854.33629,22698.81556
22845.00052,22689.44989
22839.81343,22675.99921
22822.8,22660.75509
22812.3,22654.1792
22815.2,22651.38943
22796.68,22634.79
22801.66165,22635.74678
22785.40247,22623.00588
22800.17949,22637.84
22774.71,22613.52824
22776.36959,22620.06
22790.01927,22624.18915
22768.03927,22603.38
22755.4936,22596.27
22746.7896,22585.3
22763.84092,22603.6644
22763.3221,22602.65
22775.1652,22609.83
22763.89338,22601.27317
22759.37742,22596.39107
22753.50665,22590.71189
22755.55822,22592.80422
22761.8258,22604.46148
22757.60127,22592.28
22739.37694,22577.06193
22729.85411,22566.00248
22723.42664,22563.51161
22723.99284,22566.69992
22748.34128,22586.52723
22732.33217,22571.8
22737.11943,22572.87727
22729.59723,22568.18
22732.71067,22568.18
22732.38463,22574.86997
22758.4042,22592.80422
22765.04291,22600.77499
22764.87739,22599.28047
22730.5,22567.497
22742.14501,22576.66339
22745.2,22581.54549
22732.10848,22566.69992
22728.99716,22563.61124
22726.62389,22561.61855
22720.80477,22556.83608
22718.37,22557.33426
22720.06464,22556.18877
22707.47,22543.08649
22682.62838,22522.9
22688.15,22534.61754
22689.3182,22526.34786
22682.76,22521.66503
22695.94873,22533.22265
22690.65761,22525.55078
22693.8693,22528.73909
22692.96601,22527.84238
22695.77624,22534.13
22680.92217,22517.42
22670.78527,22508.09
22655.02792,22490.18045
22643.27,22478.92173
22645.29248,22480.51589
22646.89833,22482.11004
22643.58627,22478.8221
22663.06697,22503.13297
22664.56262,22499.72156
22659.74509,22497.48
22651.01331,22486.19507
22653.82353,22488.98484
22650.58137,22489.08447
22655.32901,22490.47936
22670.89378,22508.91178
22677.10829,22512.10009
22683.98141,22519.5727
22683.40368,22519.37343
22659.34363,22494.46475
22672.49905,22511.30302
22680.80696,22516.98219
22680.29665,22520.07087
22678.61377,22513.59461
22658.64107,22493.98
22664.46226,22499.54612
22658.33997,22493.4684
22670.78527,22505.82311
22676.70683,22512.66
22667.17212,22502.23626
22659.74509,22496.56784
22639.1702,22474.43817
22620.50225,22457.2
22622.95,22464.57433
22627.92928,22463.27908
22610.56608,22446.04227
22621.5059,22456.90246
22613.04699,22450.72511
22627.88943,22465.86958
22608.65914,22444.14921
22601.18,22437.57332
22605.34022,22444.74702
22617.1088,22454.71049
22608.48,22448.83205
22604.74489,22444.58
22592.9,22428.80547
22585.53,22422.22958
22584.37073,22420.03761
22589.05661,22427.80912
22600.50651,22439.66565
22598.02042,22433.58793
22585.77585,22421.4325
22593.51623,22430.59889
22582.52,22419.4398
22607.88935,22450.4262
22617.30667,22454.11269
22605.00712,22442.15652
22606.76505,22443.64
22603.65057,22441.16017
22605.24672,22440.76163
22608.6,22445.44447
22615.86,22452.51853
22592.70106,22428.30729
22586.27768,22421.93067
22587.18096,22427.27
22589.30759,22429.60254
22592.04684,22433.58793
22607.92,22449.13095
22602.53686,22439.24
22605.19079,22441.55871
22593.95036,22431.29633
22592.38083,22429.60254
22598.58037,22438.86857
22623.08,22464.27543
22616.15441,22453.11634
22617.02,22452.61817
22606.55147,22442.05688
22616.26328,22455.80648
22623.74742,22462.08346
22614.88179,22450.32657
22618.69567,22454.11269
22612.67375,22449.85
22604.34343,22439.86492
22611.74,22459.39333
22616.78873,22452.21963
22606.65183,22442.15652
22580.26,22418.44346
22561.84,22400.90774
22564.4984,22400.30994
22558.67721,22395.45528
22557.77393,22393.63441
22532.0804,22369.88292
22555.01219,22396.82272
22575.36694,22411.86756
22576.04041,22411.76793
22570.41996,22406.18839
22586.36542,22425.01935
22583.46745,22425.33
22589.58973,22425.21862
22574.3342,22414.07
22574.03311,22409.77524
22574.93639,22410.67195
22588.88717,22424.52117
22563.39438,22400.59
22564.7995,22400.60884
22558.77758,22394.63076
22563.95,22404.89313
22563.59511,22399.42669
22555.67,22392.04025
22563.08084,22399.21395
22559.68087,22395.52747
22561.8889,22397.71943
22586.7795,22422.42884
22590.39,22427.31095
22590.79411,22426.41423
22589.99119,22425.61716
22610.06426,22445.5441
22600.12809,22435.68026
22592.29959,22430.94
22588.18462,22424.70066
22592.39996,22428.00839
22595.64,22432.29268
22591.9985,22427.60985
22588.78681,22428.95
22574.6353,22415.0
22559.37977,22396.4837
22557.2721,22393.13624
22553.96004,22392.27
22556.16808,22393.89
22559.5805,22396.74
22555.56589,22391.44245
22544.42534,22381.72
22532.3815,22368.42683
22530.17346,22366.23486
22529.87237,22365.93596
22548.86,22385.16546
22528.06579,22364.14253
22524.45264,22361.75
22529.16981,22366.45
22522.94716,22359.06116
22502.573,22340.03
22497.6551,22333.95321
22496.45072,22334.11848
22491.02,22328.37367
22472.86487,22310.01984
22444.96331,22284.69
22440.6476,22284.69
22421.86,22279.65229
22421.37746,22258.23082
22417.76,22258.43009
22427.6299,22267.59649
22464.43418,22300.97412
22461.92505,22298.48325
22440.34651,22280.40826
22427.27,22265.60379
22426.79719,22263.90991
22441.95235,22278.65594
22433.01984,22269.78845
22417.26248,22254.1458
22439.5,22281.24644
22476.17692,22316.02
22452.39034,22291.63333
22465.19,22303.26572
22476.57838,22313.02992
22470.55647,22309.6235
22483.90505,22323.1
22489.39,22325.98243
22494.24268,22330.56563
22497.354,22333.65431
22504.94,22343.11961
22499.36131,22335.647
22509.95,22351.19002
22509.7993,22346.00901
22502.67337,22341.12
22500.77534,22341.32618
22512.81026,22348.99805
22510.20077,22349.45
22513.25546,22350.29331
22511.70624,22347.90207
22495.54743,22336.0
22509.19711,22345.4112
22506.58761,22342.8207
22514.41611,22352.69
22534.08771,22370.38804
22543.45858,22380.38299
22539.20634,22379.24
22528.96908,22379.24
22517.52743,22356.99
22510.60223,22354.64183
22515.72086,22352.75
22514.7172,22357.48
22520.63876,22358.93
22537.38177,22377.09505
22534.64301,22371.41587
22546.86,22385.76327
22549.4436,22385.36473
22561.28671,22397.12163
22556.56954,22392.43879
22563.39438,22399.21395
22552.64257,22390.34646
22571.5,22411.9672
22586.72,22422.72775
22585.87621,22421.78516
22572.42726,22408.51992
22551.85237,22396.16662
22573.73201,22409.47633
22583.16635,22419.56
22587.58242,22423.22592
22587.38169,22424.63
22589.48937,22425.11898
22563.59511,22399.41322
22578.58,22421.7314
22575.23749,22416.65
22554.16077,22396.35
22536.49648,22372.51185
22551.59,22394.73039
22555.86698,22392.04955
22556.36881,22392.23952
22545.73009,22385.52419
22526.45995,22368.05
22525.29,22367.23121
22544.63874,22382.57496
22531.98004,22368.02829
22515.72086,22353.08
22512.30844,22348.49988
22513.41246,22349.59586
22514.7172,22350.89111
22513.71355,22349.89477
22512.7099,22348.89842
22515.77,22352.98344
22554.34,22395.0293
22554.34,22392.93697
22569.51667,22405.29167
22563.92,22402.00373
22560.68452,22396.52382
22572.56597,22412.16647
22567.73,22410.07414
22564.7995,22402.55
22553.55858,22390.91837
22560.26124,22399.01469
22550.74835,22390.63
22537.90159,22373.90674
22525.1552,22362.25573
22530.20763,22368.32719
22552.55493,22388.75625
22562.75911,22402.5019
22568.57,22408.08144
22566.70644,22402.5019
22550.73808,22398.97
22543.82315,22381.1
22551.65164,22387.55669
22530.27383,22367.46621
22548.84141,22384.76692
22540.61146,22378.2
22535.29209,22373.59
22516.22268,22352.55224
22526.34,22362.44874
22547.54209,22384.46802
22552.34286,22389.94793
22554.6626,22390.54573
22545.83045,22381.91
22547.93812,22383.87021
22555.43,22394.92966
22542.01657,22383.84957
22556.65,22395.6271
22562.4911,22398.31724
22550.94908,22386.85925
22532.3815,22368.42683
22525.45629,22361.55203
22523.54935,22361.49017
22512.10771,22348.30061
22516.32305,22354.41
22510.80296,22347.40085
22488.62222,22326.76
22522.37,22363.44509
22519.53474,22355.67358
22526.53,22364.74034
22544.87294,22385.16546
22546.53301,22382.47532
22544.3889,22380.9808
22539.20634,22375.81
22552.3542,22388.25414
22544.8268,22380.78153
22545.62972,22381.57861
22528.86871,22368.02
22522.34497,22358.46335
22501.06752,22339.26918
22495.24633,22331.56198
22501.4292,22339.63239
22488.22076,22330.23
22477.6824,22314.1259
22472.06195,22308.56
22496.85218,22333.15613
22475.87583,22313.21643
22473.36669,22309.84161
22447.97427,22291.64024
22451.78815,22288.42014
22457.90937,22296.09202
22479.99081,22316.84
22490.37,22331.56198
22495.88916,22335.04919
22498.15693,22334.45139
22492.4361,22331.95
22503.36515,22348.7
22507.98312,22344.31522
22522.2446,22358.36372
22516.02195,22359.33159
22529.0,22365.93596
22532.28113,22368.32719
22519.40992,22357.4183
22522.32048,22358.88622
22515.69644,22353.95
22488.39735,22329.22304
22481.67294,22318.53375
22479.86638,22319.88241
22505.67,22344.53868
22504.95746,22341.64924
22470.23141,22312.28402
22465.08,22304.9833
22464.51064,22303.34
22483.88095,22320.72574
22485.68751,22325.35581
22487.79516,22329.85
22450.25891,22287.34777
22427.37585,22264.63083
22439.21883,22282.27381
22455.57822,22292.62847
22456.98332,22294.02337
22452.03002,22290.63575
22447.95053,22290.88
22453.6713,22293.41
22476.93,22315.41038
22469.1274,22310.20615
22464.51064,22301.49605
22454.07275,22291.13393
22458.08733,22300.60875
22453.87202,22298.38
22455.27712,22293.71524
22476.95582,22313.85088
22484.8846,22321.7221
22493.40644,22331.28713
22496.17096,22333.18021
22494.51957,22331.56
22504.26501,22344.96
22507.76766,22344.96
22508.06875,22347.15
22507.46657,22346.24
22511.48114,22349.63
22514.49207,22351.11463
22501.14362,22342.98
22503.65272,22342.98
22508.26948,22345.45985
22518.9081,22360.72
22521.21648,22360.01
22516.59972,22356.29
22513.38806,22351.47461
22506.96475,22350.53
22511.18005,22350.53
22520.21283,22358.23
22519.20919,22361.15
22498.13269,22340.72
22505.35892,22348.68
22500.74216,22343.23
22491.00682,22334.95
22501.94653,22338.88
22494.51957,22333.06
22495.22212,22333.06
22467.52157,22305.02
22464.61101,22301.59568
22469.07861,22306.6771
22469.82995,22306.77674
22466.51793,22303.48876
22461.24953,22301.0975
22461.29898,22298.3077
22464.20955,22301.19714
22459.09097,22296.11572
22460.89,22299.90188
22458.38842,22295.41827
22462.73508,22300.49969
22459.31,22298.50698
22475.33431,22320.92501
22488.50382,22325.40862
22468.1,22306.57747
22465.31356,22302.29313
22461.19862,22298.20807
22459.89388,22296.9128
22454.97603,22294.06
22436.40863,22274.82975
22439.47629,22281.36963
22440.14,22282.19
22436.40863,22273.59805
22426.57293,22263.83374
22420.04925,22257.35742
22407.82237,22247.39385
22411.43651,22252.57491
22411.20183,22251.73
22409.12771,22251.27964
22415.43748,22255.56398
22419.02848,22256.85924
22407.93583,22246.49713
22416.63686,22253.96981
22412.15686,22250.38292
22389.5385,22235.39
22392.38893,22232.7474
22409.12646,22252.57491
22412.74578,22250.28329
22413.24697,22250.8811
22418.4,22259.74868
22438.17527,22276.48748
22413.82666,22252.90316
22412.02011,22249.38657
22414.12776,22251.47892
22421.65807,22262.0403
22434.70971,22273.09987
22448.85298,22288.44377
22437.17627,22275.09258
22435.30463,22272.93593
22445.06,22285.55433
22446.74616,22285.59
22454.37385,22291.43284
22436.91046,22274.09622
22421.25362,22259.00705
22417.84124,22255.16544
22415.63322,22254.08
22424.39,22264.51
22443.93596,22284.76
22438.40181,22276.38785
22437.81373,22274.99295
22453.52381,22293.02701
22464.00882,22300.99787
22472.86368,22310.5629
22490.4733,22328.99551
22522.11976,22358.68695
22522.32048,22363.09
22514.99389,22355.8
22525.43178,22361.97493
22515.49571,22352.11099
22518.80773,22355.39897
22506.36256,22345.18213
22525.03032,22361.57639
22518.50664,22355.10006
22521.08928,22361.67602
22522.22012,22359.12
22533.56129,22373.49337
22521.41721,22362.92817
22525.53214,22362.07456
22532.25655,22373.61
22523.54,22363.27019
22536.18649,22373.43304
22530.56,22368.65052
22527.03761,22363.5691
22528.24198,22364.76473
22530.73518,22368.55089
22516.29863,22352.90808
22535.06675,22372.38
22535.7693,22372.23741
22530.44999,22368.77
22545.37807,22383.0977
22536.37149,22372.83522
22537.43605,22374.92757
22530.19,22368.15234
22539.04,22379.90936
22563.29475,22399.73687
22557.39,22397.0467
22562.06475,22398.34197
22555.94253,22393.41194
22543.16,22382.20098
22543.14395,22380.90571
22548.44,22385.98714
22551.61,22388.27876
22542.29298,22382.65
22546.81263,22387.48167
22558.86,22399.8365
22550.72359,22387.08313
22538.12,22378.61409
22546.66,22384.89114
22544.87,22385.38932
22544.87,22385.28969
22545.87,22385.28969
22547.51193,22383.89479
22539.18169,22375.62502
22539.18169,22375.62502
22539.95,22379.41118
22522.32048,22366.96
22532.82,22373.63231
22531.15254,22371.41
22510.37713,22348.73759
22504.556,22341.2507
22491.70937,22328.49733
22494.15,22331.4864
22495.52321,22332.28348
22497.22941,22333.97729
22493.01411,22329.96
22492.91,22331.18749
22516.79467,22353.70516
22518.50664,22355.10006
22524.02668,22360.58003
22527.23834,22363.76837
22523.22376,22359.78294
22528.04125,22364.56546
22510.97932,22347.62738
22527.63584,22364.56546
22524.12704,22360.67966
22504.45564,22349.47
22505.86074,22342.54596
22502.04689,22338.75981
22500.54143,22341.14636
22490.00318,22326.80352
22498.9356,22335.6711
22504.76,22342.04778
22488.49771,22328.79573
22493.21483,22330.3
22505.37,22348.2252
22523.02,22359.78294
22538.67987,22375.12684
22530.55036,22370.0384
22535.07,22372.90334
22544.6,22385.28969
22571.43,22412.88878
22568.77,22411.29461
22558.65237,22396.37
22577.5,22414.48295
22570.59572,22407.36661
22565.35,22401.72958
22546.20719,22385.11332
22533.83,22373.93121
22533.83,22385.48896
22546.8,22383.29697
22537.77659,22374.23012
22531.86,22377.31883
22544.01,22380.60681
22526.93724,22366.41077
22526.65,22371.83886
22537.63,22379.71009
22537.63,22382.20098
22560.45892,22396.74779
22547.81302,22384.35018
22552.77,22391.06856
22544.80209,22381.7794
22545.10318,22381.50353
22551.22541,22387.58131
22553.73451,22390.0722
22547.81302,22386.53469
22537.87695,22380.85226
22531.92196,22375.18566
22515.96408,22362.65203
22515.96408,22361.53
22502.5153,22351.4
22494.88764,22343.58458
22473.71083,22319.69342
22464.57771,22316.38609
22453.13621,22307.50293
22457.05041,22304.28459
22456.95004,22307.44479
22450.15854,22295.55796
22451.66401,22296.2183
22440.12211,22285.62073
22453.26984,22294.2491
22450.9282,22299.4
22450.12529,22299.4
22431.9594,22285.67866
22441.9958,22289.99195
22433.09661,22285.6609
22453.97239,22296.81898
22466.11647,22313.26558
22489.40099,22331.80354
22467.92303,22316.19974
22464.71137,22309.09268
22473.64379,22317.91695
22464.30991,22307.89129
22465.41392,22308.99312
22467.22048,22310.29083
22485.78788,22323.26
22486.99225,22326.68626
22482.0744,22322.76447
22492.61265,22334.2473
22493.21483,22331.9
22502.04689,22343.13
22500.13997,22343.13
22502.54872,22341.68
22502.24762,22343.86
22499.23669,22342.44
22466.51793,22315.13
22461.39935,22305.21
22458.89024,22295.91645
22461.39935,22301.93
22458.58915,22297.55
22457.08368,22297.55
22463.507,22300.49969
22455.27712,22300.28
22454.97603,22300.12
22452.36656,22294.66
22446.00372,22289.69
22497.5305,22334.2762
22486.08856,22325.70753
22456.4815,22296.12
22457.5855,22296.12
22454.27348,22291.3332
22439.11847,22276.53157
22436.00718,22273.33
22426.17147,22263.4352
22412.02011,22250.26
22410.76717,22249.17
22410.41428,22247.79239
22411.86823,22251.28
22402.78659,22240.22008
22414.83031,22258.55
22410.31391,22247.69276
22410.31391,22253.87
22403.8906,22243.14
22408.40699,22245.79968
22408.92,22248.58948
22396.26291,22233.74376
22394.55672,22232.04995
22371.2722,22210.17113
22331.62829,22175.34
22345.07711,22182.92954
22338.25234,22176.15431
22338.05161,22175.95504
22321.99332,22160.01332
22319.48421,22157.52243
22322.8966,22160.91005
22331.96,22172.26852
22314.36563,22154.07
22315.46964,22156.99
22319.88567,22157.92097
22314.36563,22152.44101
22299.61208,22137.79456
22296.97,22135.80184
22293.79095,22132.01569
22314.88964,22155.52972
22318.6813,22156.72535
22308.32901,22148.25631
22317.71722,22157.62207
22325.00425,22163.0024
22345.1,22188.01096
22351.19954,22192.09603
22358.22484,22198.47938
22360.43285,22198.17381
22362.5345,22200.96361
22364.74852,22203.24291
22363.64451,22201.36215
22351.80152,22189.60513
22326.71044,22164.6962
22351.17,22190.60149
22361.06,22199.76798
22361.06,22199.76798
22359.52,22202.0596
22357.01,22197.8749
22372.87802,22210.52863
22365.04961,22202.75705
22378.35,22219.39621
22380.90717,22218.49949
22378.19733,22215.80933
22372.6773,22210.32936
22379.10061,22216.70605
22377.9966,22215.61006
22349.79423,22192.16819
22336.74687,22174.65978
22333.63558,22174.29571
22333.13376,22171.07289
22337.34906,22176.55399
22342.16655,22182.17
22347.52,22185.91861
22352.20298,22196.73
22368.1609,22208.57
22359.52957,22198.24
22352.50407,22198.24
22355.61536,22198.24
22350.79788,22191.33
22374.38349,22213.36
22379.50207,22218.26
22369.96746,22212.28
22369.06418,22206.74248
22373.80153,22215.61006
22374.59671,22214.6137
22370.38748,22210.22973
22375.74759,22215.01224
22380.18286,22220.89075
22369.26491,22210.72
22368.26127,22206.62
22359.13065,22200.33
22334.74212,22172.84
22333.23665,22172.84
22349.75918,22188.50662
22346.41,22186.71318
22346.41,22188.90517
22354.31316,22193.15
22361.56097,22201.45926
22368.97,22206.93923
22373.65992,22211.3232
22374.48639,22212.12028
22373.48275,22212.06072
22375.24,22218.09843
22389.54104,22227.06564